,SRX3737104,SRX3737105,SRX3737106,SRX3737107,Abaum_0001,Abaum_0002,Abaum_0003,Abaum_0004,Abaum_0005,Abaum_0006,Abaum_0007,Abaum_0008,Abaum_0009,Abaum_0010,Abaum_0011,Abaum_0012,Abaum_0013,Abaum_0014,Abaum_0015,Abaum_0016,Abaum_0017,Abaum_0018,Abaum_0019,Abaum_0020,Abaum_0021,Abaum_0022,Abaum_0023,Abaum_0024,Abaum_0025,Abaum_0026,SRX3141471,SRX3141472,SRX3141473,SRX3141474,SRX3141475,SRX3141476,SRX3141477,SRX3141478,SRX3141479,SRX8944518,SRX8944519,SRX8944520,SRX8944521,SRX8944522,SRX8944523,SRX5930997,SRX5930998,SRX5930999,SRX5931000,SRX5931001,SRX5931002,SRX4488547,SRX4488549,SRX4488551,SRX4488553,SRX4488554,SRX4488555,SRX4488556,SRX4488557,SRX2568047,SRX2568048,SRX2568049,SRX2568050,SRX2568051,SRX2568052,SRX2568054,SRX2568056,SRX2568057,SRX2568058,SRX2568059,SRX2568060,SRX2568061,SRX2568062,SRX2568063,ERX1215168,ERX1215173,ERX1221046,ERX1221048,ERX1221049,ERX1221050,ERX1221052,ERX1221053
0,-0.47884166620109103,0.39533260886989846,-0.24920543902204212,0.3327144963532189,-3.1752183630535322,-5.903342326253674,-6.985941232006969,-7.91984200737323,-10.254878502054627,-13.302280569917274,-11.278572995503902,-5.4387411071607685,-3.152043337237165,-4.865972188464355,-4.101742348992139,-3.454252758441774,-3.591484209757104,-2.7703565544135644,-3.130433377495865,-3.740734376515614,-27.269683201396955,-0.17296572238762203,0.17296572238762498,-8.578638436467534,-4.695775353404553,-29.386583427710324,-29.481783900299487,-6.629128972552395,-2.771124385056548,-28.64389663697253,2.8297492337939043,-0.7176987376927298,-1.01561358408788,1.7333123217806197,6.548097687101808,6.526120682736804,7.78148029691316,5.703238740671184,3.1261262126186313,-1.6635353985624597,-5.89813710049891,1.218372043398425,-8.763903878371448,0.4451633551640354,1.86244249344445,-0.5875889304813229,4.716290306841133,-4.128701376359813,4.720664444940251,-6.736426592818327,-7.9913866692026385,-0.8457924512185132,0.8457924512185115,-9.232707561965466,-3.520836852727225,-3.105451311718862,-8.241399278000294,-4.53054436090305,-5.059124062197548,-19.50674217460244,-19.486191361963233,-20.882459460087585,-17.12628915980447,-19.615957364004515,-20.49042633215782,-9.844789576672474,-16.950485403665297,-10.968218937478468,-15.346702873370171,-14.459925232088306,-12.945704793378773,-11.880031104524479,-1.0689897864830775,1.0689897864830755,-0.11925057804348464,1.6878526240028173,0.22810163559503202,0.1852099643609668,-0.2940610219125101,-5.195040801262562,-4.111039731366986,-3.201097456577314
1,0.6423153252556899,0.06139084539326149,-0.03693401083417562,-0.6667721598147901,3.574067194744227,1.377043618532192,3.4863237932079607,-1.4387618985595036,0.7176175901579284,2.345614728615325,-0.2463362335815038,2.999303412141787,0.9819093460566043,4.050699080356002,3.477388935413357,3.967829329758981,1.9119783397433343,1.224834033283726,1.5917722174431759,1.13918999595453,-3.734060420394661,0.1304393684710766,-0.13043936847108165,5.464250859423331,-2.407167881870125,-4.524537375149985,-3.951297182892581,4.9091692497445765,-1.8107603640190737,-4.551032426327758,0.36449681399005934,-0.9873294458548328,0.6817767894287203,0.3055526564261193,-0.8330699527203673,2.048529268999073,1.2605604905236905,-1.6232696070999457,1.7542424802298229,0.41767237055811607,-1.7357294299919641,-1.371027041821639,0.9514588823797984,0.9533546712635247,0.927581384958564,2.1080829634676403,-1.3827722127765378,-0.7253107506911016,-2.6521902042814287,-1.0288220585779912,0.3496242785743358,-0.376108556328155,0.37610855632815116,1.2269641729674274,5.725908331917393,0.19894948144091276,4.390443280667257,0.8754359104845001,1.877378639922418,-4.709329563386316,-3.996141458123368,-5.715584387607604,-9.002647044646135,-9.323753656232748,-9.31846030627832,-9.329244136392482,-8.140969521477322,-6.970160657734923,-8.476787083190102,-3.2815226388270924,-1.5158296027336957,-1.6000288750691851,-1.2132773132437626,1.2132773132437606,0.927725942989748,-0.6760505708865122,14.046155270879574,-1.7357753464955719,-13.238105867373745,3.2221578388452428,-0.15944718456280865,-3.1299441990058825
2,9.805539304710218e-05,0.434873755950345,-0.6912365167750241,0.2562647054316481,0.9817249356590765,4.603025085635448,4.306688971687522,3.8821428451648163,4.578346274574332,3.182894308351737,3.1598101486603944,-0.2692917965478394,1.4762633139171186,1.848936467363008,3.245315691695536,4.052407413979312,1.8770257912429966,3.0909487740964554,2.827314124708459,3.836979711713963,3.9303620047001147,0.04896719938951497,-0.04896719938951005,-5.046001974491131,0.14262898937224205,4.426162861337752,4.134329688385578,-4.657925171320654,0.6117791857522046,4.440328923670916,-0.30418339553908635,0.7989216227239744,-0.81199759462243,0.013075971898470278,-2.740183674357226,-2.233472259286217,-1.415163262973685,1.4330779238511469,1.0836036280744568,-0.26098794978135337,-1.4139022210247212,0.3218354556368543,-1.833653548743505,-0.06084750585549967,1.9060156526277245,-1.203005877094626,1.691287820994512,-0.48828194389988283,2.280732268582087,6.352270977320695,7.251065862508744,-0.6939585273837158,0.6939585273837129,-5.384491090747185,5.532402300479884,13.780258140916432,-6.096717569264139,11.925082523078395,35.203759572850984,2.8396798724859345,2.961829389627626,0.21141590291007092,-0.6880648177072074,-0.7999948628417237,-1.046002090578012,3.6124359323826356,-1.6813568028615504,-2.1678833961695205,-2.671309676477485,7.479792145771532,6.234050783676707,5.841825413945237,-0.09943837092719678,0.09943837092719836,2.81423705381813,0.7539644570550744,-0.5217931072204651,-1.2459622750121637,-1.0464816715854968,-0.06525864007147356,0.9029345118083473,0.7985127792706774
3,0.054865084563675205,-0.40832480544882843,-0.13726858715975743,0.4907283080449515,-15.400070385497528,-14.910862067307026,-11.896194460930845,-8.393099286869246,2.165436315058495,5.075052238648376,0.6592179499339502,-11.093550250742057,-19.5858846110141,-16.158272407768138,-16.314135243697997,-16.328759828104083,-14.940071572148472,-18.27711606866702,-12.586738290525773,-14.603362718747826,22.260648725732786,0.4866894256027962,-0.4866894256027851,-16.56868240514248,23.74174167227663,20.857119152155843,20.562173829786246,-20.92439248199533,20.419562539712068,22.48190042374316,0.3329733217131651,0.7707200497085978,-2.437292901392428,1.6665728516838196,10.349565520790705,11.490723060404198,16.135436077424245,3.320865680855885,4.720123796592966,1.1711519623177729,-3.257158872997992,0.949556870861189,-3.7237060615921487,-2.1207088331789627,-1.6369471917188196,-2.877247905415898,5.27742332084539,-2.4001754154294983,11.067469037683251,13.250992215392047,12.983602890478098,-2.3924897757514305,2.3924897757514296,-4.691183918978939,-13.170922950905858,-13.62602080667628,-11.448312867975636,-12.097153053222934,-13.943041119291692,22.994833418601107,18.178947868605764,18.785990357281392,9.659734123623917,14.803742219009248,17.04223079011873,8.606076616627613,14.74013743170859,8.856387858366517,11.051122617782427,14.007643787489178,13.436284062009614,11.3422971324357,-2.004579142165904,2.0045791421659067,-1.2530555199235986,16.901942336210123,2.595895338717502,-0.275744897416163,-1.0670949213777383,0.9898764753514594,4.61864362623197,5.556582671780462
4,0.6647240704072332,-0.17532548962559946,0.02766824392237959,-0.5170668247041147,55.7612228874974,51.1827587892142,56.75658919168055,50.50446851035267,53.78827160370913,48.6751052867403,50.45675272262776,55.235010119549045,55.46969068075552,58.008450945771756,60.66456717191994,61.198092789136815,55.6922667727617,55.774484855739956,56.17978754437681,56.51901158455958,9.028772057204895,-0.18289132910996087,0.18289132910995892,9.785284553422548,13.366458644287505,8.60113396551838,9.600236071693711,7.888415744019095,11.818960159920337,8.365525875026357,-1.2379095035930334,3.4770431596821663,-1.4410412466884963,-2.0360019129936604,-1.3269786277469513,-4.251439613523975,-2.682399813528777,-0.27603800835225195,-0.6635229863224724,-1.4973955441669378,-6.241422418811435,1.158215459666578,-9.380131116209837,0.33918008450036163,0.7402972210809073,2.5233848095882063,-0.5611957474609592,-1.962189062127241,-4.212621422591021,-1.7602903123356866,-10.601596847086043,-1.4481895616673581,1.4481895616673526,-6.668738635227685,-7.542625423711433,-10.885473676011195,-9.598369762579487,-6.244170484820636,-5.087823970928661,-14.198699318021248,-16.17502953192746,-12.553702301535084,-10.072868544984237,-10.200859008055778,-9.365081140184849,-6.7139774530298135,-7.401466964537317,-8.047403214570897,-6.282608017063665,-1.411119357566331,-3.124443933050698,-2.0051156870078444,0.3880437865267141,-0.3880437865267235,-1.0352252715698007,-9.896074999306355,2.016658376982226,0.3985851842413365,-1.3800182896537578,-13.098795731927941,-2.607027936799341,-2.098888015327346
5,0.3315699013464416,-0.10127149190627718,-0.05412134699782401,-0.17617706244237347,-12.979256822882421,-10.224764578364153,1.160308091744368,-18.268264337907752,-15.976576188750798,-20.95171317713938,-20.53541205636666,-8.314220358033138,-9.474642233311634,-5.466592454301609,-10.127570902222905,-9.881510063788838,-12.656590755923075,-10.55870072911402,-10.618815584189122,-11.314557837830671,-18.810214102836056,-0.5011687525332239,0.501168752533219,-38.654439790065595,-28.557828346230192,-20.575768794299687,-18.65855924609002,-35.65001720878981,-27.54216827365342,-20.513291129455236,-3.93219983036392,3.502414859281082,-3.325214654403799,-0.17720020487728486,-1.5154626066369428,-4.801090969199288,0.8807201832203159,-0.07225542990460591,-5.0340439861416915,-0.6182928015435276,-1.4336310227475708,1.856236040548807,-0.24188791751760078,-1.2379432390052845,4.774492071534354,3.928211009741723,-8.453381719262575,4.525170709520849,-10.03671431173394,-9.821419219277457,-12.30118257283713,-0.27353843808212236,0.27353843808212114,-7.0255492436124465,-0.49311028300837545,-12.276367955435363,-2.609123610448866,-15.164146175962715,-6.766210448783005,-33.78856779181154,-34.755489372950734,-30.94713729400998,-15.432592644330805,-15.995847347000012,-14.87438574223214,-24.533263478343226,-13.935687914167055,-14.574272452760969,-14.047231524438727,-5.030945192032124,-4.680530276956752,-3.6339133244459987,2.0020982120541544,-2.0020982120541513,7.072606948113139,11.418789794345761,0.3036521633312094,-3.151797395803223,-4.224461715641144,-0.6472752071159651,-2.2514074544118765,-2.0724799072072964
6,-0.11687122267771168,0.4791095259311563,-0.44564530051854945,0.08340699726514321,14.493297297455523,-2.6734938264525545,13.337694946529785,-3.7312261459623595,7.016945064409129,-1.7950106782882285,6.795103046536862,0.44302674715536144,-3.731491224943809,5.284107471232111,6.383668388848795,6.189623843924254,6.519287793344595,0.18873070256050942,1.7789657213496808,-1.9884923474323946,-1.9515966071985202,-0.5076568761000145,0.5076568761000098,3.9981868342005615,2.135173940171005,-2.8781199468654286,-0.8773192600657292,3.384622290589271,-1.4650919746810651,-3.755497728641515,-3.517600329794227,-0.9577257097108436,0.05608249081543711,0.9016432188954042,-7.067048505025314,-5.338447174560343,-3.7432449127186014,-2.6910500773647374,-3.568167573447953,-0.36490586071660913,-4.626570379180544,-1.138315037063393,-7.630648848151834,1.5032208977800046,2.946814217383635,0.4270636470609583,0.3979389264853729,-0.8250025735463293,-2.017646083739767,-9.700643607828331,-11.96878599088055,-3.612261393616844,3.6122613936168397,-16.709116125230913,-11.617739950049597,-14.635810140972938,-14.979324255367224,-10.201009936791891,-13.56733281604864,-8.756600453324282,-9.677351532238196,-13.94506871961484,-11.330852681014484,-11.390320387015631,-11.757878964315607,-0.7862439695721101,-11.467782984632453,-7.551314677645263,-12.261264040145061,12.697511110325184,13.612951294126225,14.195263327055637,0.560106924715108,-0.5601069247151059,0.32991747174569225,4.478702806809414,-0.9783876036181854,0.38681153051815287,0.26165860135433944,0.6830010108071894,-0.5507232888306272,-3.081397441846582
7,-0.35373648171074157,0.10677238208095105,-0.045464647547405264,0.29242874717721756,3.0226565933894936,-1.0860342521704598,-2.230169480708226,-2.8905161923203107,0.19808191093967553,0.5397964633144996,-0.18104354142866505,5.415613026179982,8.579106981207557,7.172902841036836,5.500146499932561,6.594244218657199,1.904457727776239,3.938288706496555,4.7679468378396415,4.833347042742376,4.74245460409245,0.3304848720178337,-0.330484872017835,-16.66830299169627,-8.655604026563815,3.414150867838219,4.014168645812278,-15.760683397414413,-9.568640348131083,4.333970411157683,2.7440364510356328,1.484603535469482,0.32733888595225863,-1.8119424214217483,7.2463190990540465,2.303800313046522,2.853833106543617,6.1175154044688815,6.012756848705758,-1.9126592252266827,-6.78690734493797,2.3083960792152256,-12.016348606214203,-0.3957368539885426,-5.5713437012683515,-1.4307186229072413,3.318569266902632,-1.8878506439953873,6.395658805462083,-0.9618032648222103,-2.2198785135047814,0.21550533572020433,-0.21550533572020444,-1.8754272825786724,1.0728468405208935,-4.135482994463588,9.329202000911595,-2.50384541924409,-0.3072469248143064,10.504212406790845,12.28167447427348,10.691993122102748,1.865779268020114,3.3080041813173153,2.6978807808869925,15.644452613053245,2.04346162350236,-0.7132271258541545,0.26579581918850376,14.261917037488145,15.575589917970225,12.881854923022049,-1.0150998312832944,1.0150998312832968,-4.553681529355336,-10.599356250460728,0.2919403637654227,1.8401980602345918,2.421543105355319,1.2941271725307268,0.6082873267390754,-0.7602104372225309
8,-0.7096731366021528,0.345959784029305,0.0008718591167671114,0.36284149345627964,-7.175002195931187,-6.7300340498689915,-20.188739744738953,1.0420073785123938,-4.182454974330255,-2.144698181401534,0.11193055489427571,-13.486096010242095,-12.079130910867569,-15.094711744677253,-15.847535147791525,-16.634216405436757,-13.649625408927088,-8.848818415074321,-5.690703022310421,-5.173479395133509,29.973162070752405,0.3385075619666766,-0.3385075619666841,-41.88236385175641,8.132189510013202,26.761156280133164,27.66710204415628,-40.78855364325016,4.464913278441956,28.755002296476956,-17.01167894686287,-5.295047923920346,1.7300980244020558,3.5649498995182864,-21.199692467935535,-23.16735312775381,-19.127894483353874,-7.643177545946418,-14.170583349888426,-1.407158073451979,1.6033857551149757,2.132638690947137,-2.763247189855722,-0.7254806174951568,9.060400535931274,-11.328984002978823,31.589936509898692,-20.26095250691988,32.16857108144764,-19.873999441526397,-26.890020366177758,-1.0339171194334995,1.0339171194334993,-49.870070047600194,-57.37468539398767,-50.94677211989346,-68.37957934554274,-53.52871008357267,-61.04458128916074,7.614650416774349,8.276419397994966,6.402333851984648,5.731052804785596,5.206470826675179,8.093133112547816,9.559436055928186,0.7887329243005606,-6.990315970479934,-2.584524330808337,12.676453592197843,14.034864790630225,12.367175862491106,-2.7481380851800257,2.7481380851800274,31.62204643205423,15.841652184123022,-10.395271503102451,-10.829320078745758,-10.397454850206048,0.05760136457172022,-2.9091586371974536,-1.253325701427952
9,0.4417574800829902,-0.2963388299418671,0.07906466888764657,-0.22448331902878513,0.11807396669566256,16.519525814958293,13.649843729964864,-2.9295221063257277,-6.050299608569387,-4.9440832758133375,-3.5613231621658152,-3.14078306302211,-3.126962412443431,-7.8434836589596735,-4.200666446842178,-3.4737092795741855,-3.4071602073203784,-0.8031046397280858,-3.3372464533779986,-1.4879891644941334,-3.7939649309836763,0.030845892730350197,-0.030845892730347935,3.2294368898194445,-0.8307125972522602,-3.177941545716511,-2.841627728773408,4.470399504779096,-0.9216458720223049,-3.651816008004383,3.947037844371208,0.816517483175029,1.7590904329280026,-2.5756079161030323,2.236224994343805,1.9386694189728555,-2.3884718463504186,0.8749391648547384,4.960862257979094,0.2866898971832537,0.6882159854711444,0.6744350387826853,0.551672148862263,-0.9611249359659403,-5.190732398587357,0.523318761543786,-1.6608756239262252,1.1375568623824346,-1.1528207834310469,1.4531944241024835,0.7374560925818462,1.3671148568676326,-1.367114856867631,6.667953046237068,3.3020066739305958,2.8328749660767985,6.472088557936313,1.9660018834477424,1.5719867844418534,7.876929753212027,7.987993971569389,8.468274802640407,5.8213539690513425,5.17275661770239,4.262768937450614,10.438304470580261,4.976633038366297,6.171076243984214,6.224964086081888,2.9800183199675985,2.271360420439635,2.75693334319628,0.17710020551569572,-0.1771002055156936,-5.237293982025954,-10.141839490585863,2.2165018418925877,2.395011266341582,0.6257808737917913,-2.6344535170042214,4.8852209162010665,5.646640804542821
10,0.33735301267617507,0.20836131416353967,0.23380507376332285,-0.7795194006030455,-0.6070476111601228,-1.9088275318731716,-3.2350957307432435,-6.058888381097642,-10.71788100017292,29.220493367440426,32.489796513640464,-2.6584183310089515,-2.3830561139085167,-0.2780667864657712,-0.8454798628335748,-0.19304201561168102,-1.6236175638632881,-1.8106244779665732,-1.1542142388317504,-2.180841728051209,1.5350194101399848,-0.35406636204815983,0.3540663620481552,6.066420414325589,1.2129207525102341,2.610511475069659,2.953694636962954,4.700365363679406,0.7319079946452183,1.8686396442848023,0.7031581760758447,1.221797577468584,-0.6496628344024766,-0.5721347430660976,0.9881527178747281,0.061118905036118845,-0.47242390212799207,1.2126304606086717,0.982594434322085,-0.3274529583833744,0.8840386512974314,-0.8548480401177896,0.845354398284197,1.1823009985011688,-0.6072813793071823,-0.9672395924255491,0.8317785095241962,0.13546108290136177,-0.22389152001093987,-1.4138692459150437,-1.054462318854151,6.561912027154575,-6.56191202715457,11.50911233232369,-9.701383166929924,10.769306496366159,-8.527711850081243,13.140205985291946,8.144775788701581,15.095852932123721,14.173556325834038,29.651166895986645,11.876216410259897,10.499127360432679,10.933592151487883,13.870354021154695,12.966261335587292,11.303097521153394,14.168796239735844,1.4961532878909372,-0.20096826630912815,0.6841525024362636,1.177187062332759,-1.1771870623327652,0.7797739785879044,-2.9774986751240053,-0.40141549052924125,-0.17592501224560902,-0.20243347581305154,-0.19602592788370102,0.15691714201095283,-0.5039064610328701
11,0.4057166009258735,-0.07111812436578982,-0.18338547300252211,-0.15121300355754566,-8.927835672847763,-10.509973463270844,-15.379994667961977,-11.64023486293007,-13.312410154119984,-11.482615955686613,-10.90447743023409,-10.648616220943577,-5.509378283269155,-4.4718090304815155,-1.7905976864562934,-1.4323401239698854,-6.520929955250394,-6.919371147307689,-5.003555492277272,-4.990399807802527,3.1169314068201213,0.1058825352028841,-0.10588253520287955,-4.6662514764752,-2.251280556795646,4.002393029173523,3.611084839223358,-3.6413951515902454,-2.591385386549777,2.762936159140342,0.8914052714533984,-0.6540263616804526,-0.22550100867652906,0.8795273703569815,-1.5680313395456755,1.9934616590978629,1.2719359648698592,-0.5918544778383922,1.4450047743459746,-0.3404327659010352,0.9921280819439765,-0.039356869804616654,0.6195990173846561,0.37978963570565055,1.7520053382196261,-0.5810118881580033,-1.8249411645828686,2.4059530527408763,-2.525276387718812,-3.7581901988929616,-3.5096696120574493,1.4798759436156215,-1.4798759436156201,21.227998303528103,9.430416303704694,9.710024090335196,-20.185330840716837,12.960788873463947,1.8504566084175793,0.16577588555323508,0.29354439807544824,3.402247028994984,-0.3699313765145129,0.07546329531264222,0.3135919970538682,6.248681329970063,-0.2950114411798957,-0.5735973446684541,-1.2519845376319134,3.63179909755207,4.6335159457200525,2.9173519434294892,0.5669792282715251,-0.5669792282715264,2.6462759747337907,-2.1268673489275325,0.1382235391438181,-0.9167022328646788,-1.867797281012935,-0.6882888916968093,1.283074389406969,1.309733023379797
12,0.10285371362475824,-0.026396754140048734,0.23510231159991707,-0.31155927108456166,-0.26664720676373854,-1.2649227801985903,-4.610457352329739,0.5218032615401013,-1.6237229939570486,-0.49101307221065527,-0.3846902729953787,-1.6401893264864582,-1.7830257116671921,-2.4492562844826846,-1.393007050782921,-1.3726896443573053,-1.3789194160643774,-1.431088089146925,-1.2151439182479151,-1.0014252914753372,6.487521677521738,-0.05269538096698953,0.05269538096698932,0.4437324072136844,4.121441058616116,5.835058975595222,5.995233836550321,0.07854934277019134,3.5510377694935173,5.808703013880561,-0.9546963907621708,-1.417258114270664,0.522592831237244,0.894665283033431,-1.1178931681282398,-2.7881591225588873,-1.8601007410042039,-0.27734580122824687,-0.49667596693692806,0.11456435749673308,1.359470095206548,-0.17489862598290223,-2.375520319197731,0.06033426848617183,-0.5446444933570571,-0.3188376489937273,1.3778698812687724,-1.059032232275051,1.9254697120106175,-0.8470726585032048,-0.7945696048804026,0.2590543320728047,-0.259054332072797,-5.477074444403673,-7.728262836490821,-6.634731209551539,-7.070655507800756,-7.379514250706945,-6.14937427139025,26.061626791383272,26.09675649082757,30.26964596769304,24.728045626480252,23.986365871824713,25.212665156533966,27.83917654347376,25.002872323868242,24.44057782584907,24.68340315943064,20.90558006614054,19.707570307009313,20.820646616258777,27.08721232670928,-27.087212326709295,-1.5158419539005075,3.0881902232439438,1.0113621797238428,0.6597937506998709,-0.15531397652320028,-0.4504084059743181,0.037637144793826245,0.17278049718777222
13,0.21619469752858728,-0.13835211270633394,0.5543479784930799,-0.6321905633153542,5.2205165079547236,7.532928079169477,12.448181344302196,11.213501078922173,15.134879487549254,15.48208049825564,12.043735641074939,7.67313246431738,7.441589343600059,7.276063664173933,7.7735505478599585,7.398620571161132,7.323428468264551,7.666747170434511,7.268854212999083,7.3889274579338,7.7507432513891885,0.4118033954808291,-0.41180339548083544,2.489922475481741,5.868222600368657,7.5282086886592285,8.340181268880585,1.582258314692513,4.369822990559259,7.002091984960641,1.2001016656008536,1.897186098119109,-1.6809327729651613,-0.21625332515395063,2.376118464441538,-1.3320392942658486,0.7227814855622654,4.5222542343888685,-0.1212291068727591,-0.585565460958641,-1.3981959422164894,-0.8237687235898106,-2.4319054444696673,1.4093341845484508,0.9700156202245132,-1.3207522462052517,2.4730763902922908,-1.1523241440870433,2.67595244096127,-1.2426019177405785,-1.1352679542794113,0.28225072453616984,-0.28225072453617495,1.966077167008651,-10.378586314457602,-0.02876248132686514,-7.67662705479218,2.5742642818379475,0.553696071165486,-27.0674895164238,-25.84471544401167,30.95516588138589,-29.33043104002424,-29.15938036812272,-28.79711233781843,-24.822572119337256,-29.023469195603116,-27.782803599171544,-29.584684110483842,-0.7554135702578454,-0.14034687822696354,1.0329745679768012,-0.946673712553482,0.9466737125534881,-2.9468131596746536,-2.542708019566628,1.061588317284373,1.493643390974448,0.39158145141583467,-0.5755407514518964,2.6566446576533598,1.5636860679185003
14,1.0162832059465967,-0.2994920972578288,0.2723938019254517,-0.9891849106142453,2.5932607398463308,0.44306977416173887,5.93935637892371,1.5688379671848816,7.866735615161797,9.967682393240123,6.304908797567615,5.104022681029983,4.668787813909523,5.03711249428947,6.000434385425083,6.494074103300742,4.729907831950441,2.83271395036817,4.458605470698344,3.30355271451342,1.653568985404956,0.3754720478621941,-0.3754720478621925,7.3836224688356324,3.623416886061312,0.807295341087428,1.4313355694637722,6.8346448532908655,2.54093792458107,1.2031128255076347,0.05083542202368094,0.7568511835829621,-0.39770469112826645,-0.35914649245469954,0.709535785571562,-0.5013284417486495,-0.1256753852674089,1.6950417995886662,0.1684094724760648,0.3252465696445271,0.3211199386277307,-1.0354460408260833,1.7710652726601028,0.7101994711815519,-1.3974777209462814,-0.376706492473755,-1.6481132814191872,2.0248197738929394,-3.993795400556958,4.368435573413268,3.7635281204804487,15.36577555129616,-15.365775551296162,7.086256253869535,-6.272615969676474,11.438883761016372,-6.607789428584783,7.441842483984013,2.8034544473066707,10.483742461542754,10.639737073788183,15.664294068973884,7.874561644870193,4.07170967782224,4.8786496936131565,7.0473501972298775,6.5852031470270775,10.732475280251144,9.912929108320142,1.3088395100752281,1.2564493884918762,0.700773618333709,0.3727803833383349,-0.3727803833383348,-1.346955130349063,-4.912150211525914,1.9719147936458647,-0.21326312816996132,-0.4116965351268281,-3.6448556633275557,-0.3679749592694764,-0.47312561191911406
15,-0.5938294678498377,0.24352459561371706,-0.25496726985450974,0.6052721420906476,7.175856165557846,4.012489730760265,1.9577175100824757,5.623036951826175,5.178599848460305,4.446727367729853,8.012051362109466,2.8479381471571705,3.938870713770742,4.341308091866631,4.063280975244942,3.374534655930666,4.8106918815631445,4.125697382683207,3.2928458429189176,3.875954679794243,0.15958806755307742,-0.4029785560159597,0.4029785560159569,6.453515747732889,1.1638168814984613,1.1346709811030218,0.6157490340006526,7.97614577467802,1.9432771463581824,0.4900217731737598,-0.6870315841715011,2.01173867632632,-0.37179748174281496,-1.639941194583503,0.5116980450792195,0.9042263315353603,-1.4027458546327394,2.2199026093076033,1.2674668020016862,-0.7722779543850314,0.19374995187496435,1.115939302210217,0.49164078176845744,-0.34366134782518265,0.17211358525906004,0.16754051787655905,-0.9250759337620197,0.7575354158854648,2.0078053567080705,-0.3808793593193873,-0.8211708600317976,-1.5081590183984708,1.5081590183984739,12.399165338787043,-2.223125747447005,38.53645805454353,-3.1182934754096006,13.795163595474818,4.505363698356189,7.0835344353352765,8.823990298729019,7.370768952711925,5.836583145836232,5.500816660610611,4.416302355225817,3.4165999307545953,4.1592997372311356,3.1029813747547785,4.473331808042391,3.1926031914662016,3.572384244031446,1.897059422273126,-1.4736299995354878,1.4736299995354878,-0.5166213142897595,-0.4874468378037391,0.4270920449071797,1.0964039674007493,-1.0068746980181613,1.7679956409933044,0.08486122764717415,1.047627418241416
16,0.034705480242586656,-0.132772413187861,-0.22389133473211342,0.32195826767739666,-4.340347221347999,-0.8051314329461724,0.4905492683709165,-31.06462682453895,-33.57471962213858,-36.89885267593695,-37.25246655437548,-1.1692611745257575,-3.5126351903284223,-1.5925599597298312,-4.416831988709669,-4.2732132668408696,-5.974893218699221,-6.332494865483085,-4.594565490789673,-3.883524546865994,7.770535534144164,-0.2633679762664555,0.26336797626645997,-9.027259693219726,8.864860284831872,6.198167220652449,6.772422882508217,-9.994776613848417,9.277618608490354,8.209131413171779,-7.084218878709544,-3.271453896044946,0.16437009081262427,3.1070838052323175,-6.640162068315882,-2.2863788033330086,1.4603569966812247,-6.507045818388196,-5.242900996280102,0.4487052864551411,-0.919215715027375,0.11759068828203684,-2.546205222252727,-0.5662959747371795,1.2194533935000336,-0.41450201448571306,2.0847004345279605,-1.6701984200422493,5.300694131543187,5.050754679527034,4.710533615582485,-0.24732984284882187,0.24732984284882276,6.316532456238243,7.84164578199767,1.7902906072295703,9.045981813335267,-0.5043830044538051,2.417592902143161,2.2707494550538367,-0.18541481560082096,-2.523298073569065,7.036947779024791,8.931479560688574,9.476831587687602,-3.540342023046339,8.895986929278816,4.5882704158606575,7.1184353881836095,-1.4820056355473614,-1.0590169269054794,-0.72715916543638,-1.117234438121181,1.1172344381211783,5.559787835971695,17.969638885502913,-2.3354578853725476,-1.861026716317118,-1.363303234282038,8.203614874920635,-3.407854328850052,-2.775209141262753
17,0.0863400337352929,0.2314270010721607,0.3810116064192511,-0.6987786412267063,15.582622342370563,14.806996882178614,21.001968932433595,18.77502784601462,18.028179592934606,23.18255750939831,21.69865035206284,14.23418037179436,17.988239816491998,19.93319054418191,19.809702461995105,19.525850809757976,16.467042439820297,16.5870188798727,16.428174183341625,17.455745290590663,12.034304963295211,-0.0925799840754422,0.09257998407545229,34.4700392649307,21.66405815257671,13.654565176489527,13.23561753373439,29.22679433211128,19.18063468236199,12.193826259590015,1.2000492330147494,6.919701562054684,-4.481075967229437,-2.438625594825238,5.56276956179,-3.0364234639112695,2.0401757355253496,11.094187987831983,1.8857780143242953,-1.6555086347551147,-4.561213084855304,0.6625893773740019,-6.132776248516026,0.9929192573811219,-2.718749587648906,-3.6677429895813205,7.288641120195209,-3.620898130613895,2.4292761803990475,1.5346737477273455,2.031861108467831,-0.4327623814215418,0.432762381421542,-0.7065989803604753,-7.527513297614494,6.773327244201624,-6.776170351171257,11.18192072898001,-2.5761893964544016,54.73282330626283,61.142432046757364,53.552761038193296,-0.9667103281007707,-2.694734584414444,-1.0166422502999515,19.37664389400089,1.3293711771842809,-1.5819709607504775,4.685399470607039,13.260004415368705,10.373630419803764,11.932179940334976,1.0317501819643586,-1.0317501819643629,0.7581819653599028,-12.289918234249194,1.124931272314718,-0.873769588619684,-1.0093436490549337,-4.137916310879416,5.418898033660433,6.683822502245276
18,-0.6177827127443204,0.4004269629096415,-0.6567766949890251,0.8741324448236892,4.082507706064032,0.4281076569561729,1.9923786597153201,2.0111625005404017,1.8812658134633682,-0.8419636166710055,1.8294529538934847,3.4227166904696493,2.4193637396853056,2.4589699317101608,3.6882205756235438,3.033266458267929,3.553116666109078,3.079115877496244,4.229074682627435,1.9889823743631367,-4.501139863851854,-0.10822067426050593,0.10822067426049488,3.8087003427321253,0.9038745811319651,-4.255492016530452,-4.778580148490226,4.549548455199146,0.4412181453560517,-5.269491398480681,-1.870176468945443,1.3210904447200469,0.08532091389548527,-1.4064113586155338,0.21359353688925453,-0.777939146995955,-0.9075596082081206,-0.8651341012532996,-0.26817069743841765,-0.825660032910767,-0.8692352191962239,0.9409544566935848,-0.950398534401161,-0.11529442378282549,0.1398170320941346,0.11150797684077646,-10.57193966307025,10.460431686229493,-9.904714775606038,-14.24941586323056,-14.678210142682783,-1.7621451910667743,1.7621451910667725,-17.422435286512258,45.9343904280345,-3.35714487468596,38.807873341849046,-6.079508373649684,0.602458016666007,-18.189491272089512,-18.908101431239032,-13.076421676743319,-15.26762872387973,-16.47199364710563,-17.332201390895452,-15.24758807085567,-16.54809259493004,-15.459503808857765,-16.103181955040874,-2.588533432934515,-1.9068849842929432,-4.761785489098769,1.037096500100669,-1.037096500100667,-3.3246622672691313,-0.16366197275752095,0.15440650316960391,0.7224454538720306,2.4478103102274953,2.908802833796492,-2.4930375520538064,-1.8195276891561454
19,0.11247703345441502,-0.09183018557524614,0.4413182050869638,-0.4619650529661281,1.6243568879246155,1.6806171703422794,2.107150411872597,3.5656734307407225,2.5384508015307934,3.3731393617367793,3.379189735042043,1.2611052252298063,1.3943917568461288,0.308046604375835,2.3808106326783243,2.963960203099709,0.22583607215847898,2.1660968326206107,1.1669662206311744,2.7502586548237313,5.2315455347881485,0.06331751402802649,-0.06331751402802155,1.4348422718392086,1.7023209811667794,3.839337325831776,4.46650329753622,0.905911675559444,0.9510578285533049,4.157556566919947,-0.6222467176943447,0.6264471604549928,-0.47346062751832785,-0.15298653293666098,0.6319963249517601,-0.7119762604910497,1.59260521217838,-0.13200510109275645,-1.0964703616814733,-0.20763000051940314,-0.31475299444805843,0.374997023793823,1.1964374368187247,-0.1673670232744159,0.2799499525475733,-0.818697618028506,2.673508235868689,-1.8548106178401866,3.490499205286911,1.4949188656574222,3.6339568605687615,0.031324070989122085,-0.03132407098912819,0.9712089643119605,-0.6757829681997365,1.8743801726675777,-2.214259839501697,1.5509265044706446,-0.3723877297435638,-8.854966121229674,-8.349346778560344,-7.427726419041178,-14.117536724250696,-11.007802944687926,-6.1506301453159775,9.893154424033206,9.526122474622124,9.629532387157134,10.407510170070795,3.2368922039095134,2.900339589872613,0.6987072714797691,-0.4536339940678405,0.45363399406784327,2.0139360706395832,0.3939716442496413,-0.6929991007469873,-0.5421861584499529,-0.7787508114426412,-1.639169651753513,-1.2168174411650705,-1.527591846213638
20,0.18104784724830542,0.41678666674475395,0.08956191109185574,-0.6873964250848679,-11.854153130940492,-17.287930656706067,-12.402139983420165,-9.954350676327385,-6.549223536585966,-7.577626557613132,-8.781148634401829,-19.43751310057808,-11.043428600865273,-6.411808944668147,0.056753947855359546,1.7901232006357897,-2.3722800251684606,-4.922678114094326,-2.5567126874974884,-5.9153495180568765,2.827027558534249,0.10752714314921843,-0.10752714314921956,0.12275459205203294,2.7595824203805015,2.866112627161639,3.3741207652163308,2.216142094391772,1.4840198900691597,1.1815251075382929,0.5324395365586676,-0.7315850509379295,1.435533475106776,-0.7039484241688521,-5.230260238998544,0.8830042675045642,-6.604661714402644,-7.089598707472037,-0.16679531221486257,1.2418246900219059,3.1964104776568765,-1.4303886730209727,4.1335276088882145,0.1885639829990687,0.09586089418889396,1.4675846354681112,-1.1237522619088602,-0.343832373559243,0.020608027555148185,-12.73251496980039,-12.788796979919615,-0.596055411934119,0.5960554119341165,-3.6378041435065156,-5.07037924498391,1.8431424976073012,-3.1667653281024006,-0.6187077487842584,-5.589769772535709,-5.734362179434419,-3.218638809404832,-5.086710481358998,4.141970334804127,2.9178537920508147,3.7335081759147806,3.8586272101336365,4.763843753701146,-0.7002506486834158,6.077130183830561,-1.6569957301147868,-3.2400896921072424,0.05400800041502914,3.90003824399887,-3.900038243998869,4.694502243895515,5.600250369182713,-1.9507517761107243,-0.2119057148745988,-2.5318447529101977,1.0984677442993076,-4.225618683435911,-4.725482931084
21,0.4784619318412403,-0.49850856081530054,0.15027362284314427,-0.13022699386903958,-1.0098174502817585,-4.312967965765626,-13.19105690694087,-6.01156449188652,-7.074873667324268,-3.8914453298693723,-5.288805412966266,-4.579061645907276,-2.5879914309856273,-10.676106090355724,-8.168707570942804,-8.05902055143999,-5.560664192698206,-5.176735307855638,-3.7499245380744797,-3.950446616005875,3.248469597271406,0.11638601134682541,-0.11638601134682017,-17.270254618108364,-5.024517679352792,1.4520674769925983,2.4142800104723303,-18.422176708732124,-5.66386257332466,3.3006157644398235,-3.0300784755765817,-8.635094909156571,4.113038327941968,4.522056581214596,-4.228827338644641,-2.8397434633314353,-1.419121323099745,-2.8131567944173956,-4.283324159276133,-2.5579574928499587,-3.5699046495900593,-0.04076061133846371,-9.131753103826636,2.5987181041884244,3.8090635479919057,-0.8981414248810039,1.756352755290502,-0.8582113304094986,5.279343705651015,6.599457449749788,4.175204693158686,1.333800094313268,-1.3338000943132604,10.026356883429202,11.615642196961131,0.80018003605252,14.856181207611389,-3.906606721645776,8.079099008523109,20.226109726869755,17.45389871524128,19.61907677658631,28.235895595978064,30.153183049166394,32.035449049915144,8.872165597534451,30.048140780181793,13.287438194973095,27.794032631936375,0.9298199432301069,2.508712040376826,3.30068309337566,-2.466934105262615,2.466934105262619,9.677454390810032,11.306870831558552,-4.978882599390673,-2.5955103110310938,-2.1030614803882592,-10.202088084406979,0.7893506137575068,1.8241636404753128
22,0.07111265459703307,-0.16876359740872282,0.2355544254410315,-0.13790348262928281,8.542926571627028,6.372237970893594,10.052178612870753,5.375880057064438,5.373585148190632,3.687282106286773,3.281594761137722,9.143060669461924,8.413744507601379,8.699205137787022,10.350742817007044,9.931034596848173,8.539934248385679,8.375180229854587,8.816728831000619,7.964590394221963,3.2581427138065804,-0.16629288607904377,0.16629288607904105,3.455689159166287,3.666518828645172,2.3636810076362487,2.5283002292449264,4.05075752430061,3.4203437453248124,2.8981929740684085,-1.1154888450749445,1.799182277066316,-0.690835274382021,-1.1083470026842968,-2.380969945675691,-3.3356890322343644,-3.2343398362465727,-0.30924799780137524,-1.1364025859992686,-1.6964875101723627,-2.156108998297006,0.33905626941675493,-2.610054283146405,1.3574312407556095,1.4120784027939874,1.6590755480024726,-1.4981014251761224,-0.1609741228263499,-2.078724649651873,-3.5633504099166373,-3.5479368549969013,-0.8948924555030042,0.8948924555030021,-1.50473811757926,-0.1851428966887919,-1.477334413094097,-1.2164059347127185,-0.9167412553276643,-0.29447131486993705,-10.625292071433167,-9.344601967038242,-10.782514286614912,-11.98338261940897,-12.876642906959292,-13.073400762946992,-10.04286852717027,-11.740671228628756,-11.118038233968031,-10.09676540843802,0.5192575349615123,-0.8400723405287553,-0.9747190639082517,0.2553183993539248,-0.2553183993539231,0.7605286915267304,0.06843364049044226,0.6849820398147248,-0.5291337338911427,-0.9163769974503108,-41.97293051044234,-44.872830308012645,-44.34453203858234
23,0.1397305987307497,0.5178175015128148,-0.07251805881152566,-0.5850300414320481,0.3881431880944347,1.080187976959318,8.178582908619106,5.442615956541945,-1.2481100053615346,6.156572115414814,7.468530431560835,10.096389284471936,2.3962478015302233,15.709134527506189,9.27491084555131,5.735260722966463,10.59479991719083,3.7096382552389464,2.5496260540228013,1.9606011544647355,0.21806776226411387,-0.18271141633588736,0.1827114163359007,7.195045194137556,2.723378621199349,0.6867916358444701,0.49259396613463025,9.71528052441401,5.710137979286917,-0.016383478600689463,5.652952588770736,2.2533784254272606,-2.733129311362398,0.4797508859351485,-0.45506878272492074,5.0313643131639285,1.5040728718121332,-1.4745782862870869,0.9161618342202944,0.3979142904054796,-5.681142548204935,-3.0728504480311605,-4.089217794315132,2.674936157625681,-4.470331105672462,-3.483720778282188,6.881045578148873,-3.397324799866678,3.606889530414719,-2.1481826908686097,-0.9694107959403098,1.0150404945969538,-1.0150404945969465,14.974476056500897,17.746530427084473,14.033878237112354,15.293463333194614,15.25290771543859,18.629235130952775,14.39519084532238,14.992895589505167,11.415570442947043,11.607901906887818,12.183157189530572,12.547985522592528,13.177398516631289,13.392065960239496,14.636052516400241,13.858612114335344,11.16280724313786,10.709389376494405,7.848422108393421,0.5840589351620809,-0.5840589351620824,-7.6612793925574625,-11.565514456038207,5.095087806243145,2.110117725120749,0.456073861193571,-3.2126102666484244,5.7033270004784775,8.36312207227048
24,0.8862149672911207,-0.5421295097452096,-0.07228195434112224,-0.27180350320480945,-0.1727935258711458,-1.5762620410604582,-7.238009616047678,-0.9310831130760423,-3.6151457222936543,-3.382996385231797,-3.467711880558547,-1.5894095830982442,-1.7285445882749777,-4.73435477959621,-2.8344612424039,-5.188189627028255,-1.0456699062986712,-2.4525094099033145,-3.2352400296542414,-3.862255146594995,-4.407667344975132,-0.4258644606012698,0.4258644606012672,-2.4011590375326146,-2.6063532756659575,-4.479400945064728,-3.842046821551658,-2.501898020925293,-1.5968437466422054,-4.050032777905409,0.002840621061161272,1.4874623743559976,-0.555981791579308,-0.931480582776694,2.0607265561053896,-0.6761458679311287,0.06610216053625277,1.8297506639745318,2.869365281304915,-0.8673335811188366,-1.5955608908443066,1.9260110574614107,-1.2832016538892466,-1.0586774763425744,-0.5179213835483109,1.2777605553961298,-3.2312339477489167,1.9534733923527898,-3.686324122269862,-2.3990920836846272,-3.0564312421061506,1.8903542028605431,-1.890354202860543,5.640320274858415,10.29843694535211,-0.754221522213406,13.190677474259518,2.092331987958084,5.92001646610716,-1.5248296371164738,-5.037132511440503,-2.5767019874270622,-1.6974553268821582,-1.2700996251705978,-0.9459095133135241,-1.8745765799470737,-1.1910830116061861,3.3557028495751067,-1.7813775257370432,2.935805672115389,4.541511847668397,0.7364661427494393,-0.12527136462941754,0.12527136462941882,33.42870395742395,30.35063278663281,-10.922941899405705,-10.273913812335108,-12.23184824568313,-5.898197974058562,-8.089887531355489,-7.3915921307086885
25,0.01702119729216841,0.0227974844338534,0.006321570052813727,-0.04614025177882465,1.9522859732888929,0.7984066018017232,0.9777907335247015,2.716218399472711,0.4470644349745813,2.540370832998713,2.0569194784425564,1.5479170963301985,0.13042239199888217,1.3002402345749595,2.014769404752818,1.9629272197252559,2.4203841928488283,1.27540397343868,0.7071615070258019,0.5563324714972938,2.477031091135138,0.19779598471076348,-0.19779598471076515,1.1625535125307396,2.0407580516538606,2.4715600659721466,1.6699342542486082,1.9202904358658675,2.3164165532190584,1.7936506841183624,0.4746151674287587,1.6978273864563473,-0.46681700246611996,-1.231010383990229,0.6952542491295834,1.277271818028619,-0.6904047288561185,-0.09631462028051561,1.2332522273179756,-0.07299422459205675,0.17987338016915877,-0.07453176886534622,0.4460990201025256,0.14752599345739598,0.27920738626780023,-0.46927231443938944,-0.23564345972639608,0.704915774165783,1.2077087853042139,-0.5617203162865063,0.45067790121564427,-0.45034457768953523,0.450344577689539,-1.5080123115615103,-1.1372932458273421,-0.9222098877428386,-2.274796501015582,1.7352041922763786,0.8534759214097959,1.3679958228813032,1.568286865136866,0.19004175188746614,0.32408716633063045,-0.6438283956266498,-0.5845873068970162,-0.03579636999335221,-0.12102978504410851,-0.9093731084929054,0.9772738369041721,-15.975223645970644,12.416135077425858,1.9723280299624024,0.33476620003011626,-0.3347662000301176,-0.6251739347203038,-3.1426659399741697,-0.40806800276063643,0.8138606956464962,0.21938124183444582,0.44228674264442924,-1.415923322881411,1.2563323248821656
26,0.13954527884857387,-0.33848115598761885,0.5028840733199982,-0.30394819618092495,-9.110347804307736,-10.218935367524825,-11.787004456642341,-10.068853863628162,-11.010553662417326,-8.213107489796684,-10.205189530759593,-7.6733109498015635,-10.131980384183429,-12.282061866600083,-8.063271347800042,-8.049756701839549,-6.660076023486313,-7.18163522325766,-7.913928898078409,-9.202959347065013,-6.830303570125149,-0.512270634971587,0.5122706349715735,-13.906335956803428,-8.245009429397308,-7.749284455508922,-8.217498180307707,-14.474264116585871,-6.589405484812961,-7.412191327145421,2.1980502837081595,-0.6799283116641872,-1.366520083598568,2.046448395262757,-25.210029251365103,-27.9131782219196,-23.043032372336096,0.17859213769003005,1.3728294265777992,-3.35727521632482,-4.214274327091534,-0.5796258598400524,-5.635765242671883,3.9369010761648706,4.301464977228498,2.4416046520885626,-6.354889281831749,3.913284629743187,-4.207757701065391,-2.1385465708651537,-0.5601594276479256,-0.2892483426471763,0.2892483426471746,-5.177503117125724,-7.663127977523136,-8.940614538649632,-11.520128275857578,-8.971311540007012,-13.14170543297749,-23.990881021975735,-24.95269832180229,-19.831338445811667,-19.363369708313673,-17.3345404249082,-15.912807236762125,-22.158292792198896,-13.628238285787885,-1.328247599621691,-16.70036736733908,-21.72725586080932,-21.016793321679465,-21.871137400422,-0.31356932903766427,0.31356932903767015,-9.959197716393941,18.972630121121576,1.6834706689392336,4.899085551079654,3.376641496375039,-10.364857294115145,-9.028833844857607,-10.0125368556873
27,-0.6721518849017164,0.14823186343671826,-0.2596992838829006,0.7836193053478656,5.6587063231090164,9.927241500160061,5.327156188850574,7.829227572361587,1.716024564068558,1.5605975924841546,1.53056547453843,2.343117036332503,7.4024080516260895,4.6387962692003635,8.615770654043855,8.20908319796441,6.681661406335445,7.765803905421847,5.374735072250082,7.383163093380617,-15.456216019893322,-0.041815177257270374,0.04181517725727624,21.11549406026044,-1.9323882961418029,-11.75236424422024,-13.768701274449214,23.59165792142343,-1.2135652329570021,-14.000914569716135,7.417002268467686,4.284414201625784,-2.0870757374878592,-2.1973384641379186,7.168727802370042,7.453466347961333,7.418641890232561,6.106845144612371,9.4301914151625,-0.6336655169283957,0.6517740847502275,0.9799687875370008,6.881575844628615,-0.3463032706086024,-5.341985314006209,1.2018436492082047,-4.635780695509215,3.4339370463010104,-4.830962464592187,1.2240718795230114,4.21238573306211,-0.7416445723184076,0.7416445723184061,4.018504080107804,10.917073546028728,12.769436250245692,3.751904385754517,13.419725296399047,7.4815609494863855,-5.113830819531182,-0.6785575671091905,-3.9480143043146607,11.169853475276616,11.566186359076502,8.793899860221403,-9.345968648426838,9.481790672007392,-1.9133468495808472,9.964554822269415,21.107010423531715,19.228983783983598,19.65102185696765,-0.4892581157741629,0.48925811577416456,-6.847887547919228,-3.0999624198835836,3.1213120047687517,1.3078127419749175,2.4187628011755677,8.892680992896713,-0.2631180730975692,-0.16850118264621808
28,0.32091031391427366,-0.11039006449251526,-0.016400274697714493,-0.19411997472403203,1.422288664258465,3.567415478834568,-0.7922994678953391,-1.8850057005841652,-4.331493232667154,-6.786484858354231,-6.898511105589915,-1.6717907629804603,2.573514649364268,-1.1027396587517115,2.0074370020872943,1.6325104228863667,2.1428845517537796,2.0499546573855287,0.3763985482829828,1.182303342911286,-15.102300734096103,0.122190013010518,-0.12219001301052107,-21.40178770853851,-14.967390582849863,-16.667396794664093,-16.303744906938526,-20.904734906893108,-13.64442793214219,-15.255009426443724,3.333425273636666,-9.493409366819069,5.248171169291205,4.245238197527866,-0.7799860106176189,7.212028219160415,5.681744932274125,-7.0736298888771945,2.05601632257955,1.1152236907206305,10.35091727528519,-0.40117151538686174,11.791966931174441,-0.7140521753337674,4.137928455751532,2.601798444175663,-3.47922728108859,0.8774288369129282,-3.7333281746485785,5.842836670431402,6.8103467432343425,-1.4769783816422748,1.4769783816422741,-11.39991872328805,-6.540779181676824,-4.04303257536013,-8.373523191796574,-5.2098113949156675,-13.718890822706339,21.33359063009511,21.285606038129462,17.13729508112319,-9.104202442108253,-11.145909961332757,-9.902156513514022,14.14525874725981,-9.19756239910389,1.0257031113317696,-8.39376237286035,15.330624395724474,15.515621009658796,14.741165424038545,-0.26107841842832824,0.26107841842832974,1.3413907058282724,13.302874706392469,-5.614002066178586,0.5893437248029246,3.6832676355473843,-1.0282924496504502,-4.071214633117398,-4.360830355719105
29,-0.592604102758937,-0.1326407830266217,-0.09487586817502504,0.8201207539606042,-4.85745828203979,0.09146543640769,-8.615395481702091,4.160320780344481,-3.5520281542832945,-4.977954393264815,-3.0982284436980967,-7.7862984480848185,-5.595676715505885,-8.92971329069535,-10.290139888401722,-10.818564608900425,-4.1161392399016,-2.149446763497009,-4.440703057698967,-2.4165137683042426,-12.802027887552578,0.21816706102981873,-0.21816706102981662,-14.942452295834476,-16.9239127446769,-11.449844833554511,-9.981027161687805,-13.677954527078146,-15.870965409296094,-11.45291591943899,-4.02544461087349,-1.4612559891248253,0.9929174301281772,0.4683385589966454,-4.815798517046009,5.177550890105099,1.4579462663912048,-9.304580292845763,-6.370074737467877,1.915688139612197,-7.348656700408144,-0.21898897988820387,-9.893724782352287,-1.6966991597239973,-6.315306781691797,0.64397936298233,-3.5147339690933643,2.8707546061110363,-1.425908675474276,11.939043854128066,11.961234518850693,-0.2714655803067685,0.2714655803067688,-11.833652813683413,-11.362779311763331,-16.552986147453694,-9.19843279037054,-18.408658078235145,-15.604769794386721,1.9320338302190445,2.21987079699956,5.1381418611197,7.1662032120200525,7.099245407863258,5.616347679587604,3.044957424043019,5.59437618955973,8.871199057187784,7.12553883580884,-6.727849134053493,-5.624677923552199,-7.095172295411593,-0.5771869205431702,0.5771869205431713,-3.4355316163135114,7.076401488880789,-0.060810163041255416,1.4789988320278085,2.017342947326959,4.78462020136687,-1.064772960167196,1.6681134330026628
30,0.20820458900725294,-0.25173014442812147,0.2617160106475265,-0.21819045522665045,2.8358960353551987,0.9784076420927406,-0.752090200661192,10.449476074789946,9.02003699553296,18.471722808896974,12.751167058983158,-0.7094816321076349,2.8732551242710627,-2.2421991717127825,1.284068564706176,0.6004822959683273,4.015497749201834,2.9214257946889832,4.235503459529445,3.4474913036917845,12.45134709811627,0.04551425522276415,-0.04551425522274855,13.31095205660043,10.088313528727435,12.370443005555257,12.61544088074497,9.454546096117404,7.922467174413953,12.783688094084216,0.07385345676490811,4.641047382311832,-5.062432486866076,0.42138510455425376,6.642065468799181,1.9047651096977274,6.932860340861904,6.167000017374653,-4.324917647279269,-0.6098866145325874,0.7438011611225835,-1.3017368288568933,-1.3333484820477262,1.9116234433894843,1.0473070964826432,-2.597005597872789,2.341348618767776,0.2556569791050158,-0.07132150961902503,-8.536506047416157,-9.984929774771286,2.2188132328412116,-2.2188132328412085,11.46662398396199,29.558679088179883,9.96748388727848,37.16713727266986,10.581652180302976,8.901880180891935,35.63071034583169,24.208940703815816,23.79194829673908,12.600008428947326,1.8607109256061198,2.2285169577050747,30.803707558149345,2.9091636312503892,22.558160141258778,15.729226727362377,18.673107082933967,16.362097694866307,27.82522756981288,1.1147775337587786,-1.1147775337587815,-1.3701570004607995,3.1929782420335187,-0.19705317871350453,0.4721745397817438,1.095035639392569,0.6292850411763266,-3.0760558966761358,-2.6753224480096884
31,-0.6846673903961468,-0.42688961435511025,-0.4923745737380383,1.6039315784891994,-3.104378493733437,-4.952739890791303,-10.533569531760474,-10.612482530952375,-8.323998665670134,-12.42924748592841,-9.916719332356589,-6.270901069797459,-6.279348950944968,-12.35162570267491,-8.436213312508448,-10.871201203110102,-3.964822863728486,-7.600382487619118,-8.873151185371123,-9.85286652217588,-49.07925674834876,-0.23889347531074384,0.23889347531075894,9.250589519818746,-17.620800214123037,-46.128602805127905,-50.76504872143512,10.32691651172896,-11.920498528492919,-46.61003886113648,-3.626684929204834,5.103408659571172,1.1832522033683897,-6.286660862939564,1.0013239494725206,-0.2008301737701057,-1.7573121068704507,-2.073851416800814,-0.7571203947294637,0.07157901898274419,3.5129388865305886,2.335483694440279,6.19163142830865,-2.407062713423023,-7.036953739794448,5.813825614161645,-12.237701430500893,6.423875816339256,-5.428779864321473,15.497351637881168,17.737042450864802,-0.06092848260254402,0.06092848260254684,54.44772975902767,61.53885944212505,51.940408638628654,62.84904460472159,57.86241140048465,60.64313165179353,19.129514824401905,20.791674722723055,15.05421399536405,15.100931051935689,15.853744605826966,10.652952779365586,-2.6674063668054635,12.212200087419994,19.97829506588824,11.99092396901037,-10.412330002945337,-9.681468129600091,-12.409507309561526,0.203040686576199,-0.20304068657619914,-18.67953984621021,-19.739264117674804,6.499015586791291,5.941631988626301,6.2388922707926415,7.485656118174193,2.2064578155249617,3.3558252376463975
32,0.012121217380604166,-0.0636630510678354,-0.4054297257743895,0.45697155946163737,-1.8457786640684912,-2.33951617115714,-6.220559435183786,-3.6771423647034087,-5.18251866638674,-6.63812615399603,-3.9325776812496542,-3.3584124858176065,-3.4745474586610436,-4.453998946501284,-3.9780094875320935,-4.361432780523584,-2.5582490265042703,-3.91900187549199,-2.3314005099562456,-2.986150698630591,0.0021512116152116894,0.16366043183183132,-0.163660431831828,-0.08645358972417577,-2.8259299551156,-0.6460826830284149,-0.18589289738430562,0.14311386775890533,-2.6871478686157086,0.1517283076314598,-5.2595815794328615,1.3052213010449671,0.6714274039050686,-1.9766487049500419,1.4975057772921405,1.867012285832927,-0.17598401141057446,-1.3851379834467814,-2.604171464847868,1.0001211068453437,3.201579052132234,1.5035648172301406,5.399274312859796,-2.5036859240754836,0.660207527376517,1.402597269466616,0.4478304095027777,-1.8504276789693916,2.9083485512294422,-1.9673079591887048,-3.5108994082564537,-0.4384930320073437,0.4384930320073523,-4.152492685148403,-4.195655253452586,-1.7090790750927716,-5.194659456574766,1.2493359875785204,-1.1052478931402308,17.152458628715948,19.521587066207154,13.381865288103077,16.555675796399147,16.027227486046254,16.651806668531826,19.908120549750166,16.22619075152675,10.12638057960931,15.735327063213722,9.943224525295728,9.438571478811799,7.250538368899892,0.03871345883519127,-0.03871345883519037,-8.050459958447941,29.818890199521146,4.943614561277668,1.3931409971395887,1.713704400030687,0.8094707129378668,3.8549589344678283,4.661441078173841
33,0.1403631893224005,-0.1679063699724403,0.13665615162124176,-0.10911297097123077,-6.716932418932143,5.704615446515049,1.2297815543855064,8.66156169754209,7.469462096716428,6.970276654944104,7.654377475689046,-6.524041764188885,9.041120986702833,9.123958623755428,13.613262531774337,14.28725454781881,-10.005447409812573,-10.034139993678819,-7.728457223028852,-7.19076581773734,2.1657151714926153,0.024324808361468487,-0.024324808361469864,-1.3650918876054368,-0.5458487428468272,1.9119991173157982,1.3714299855842487,-0.693160420015807,0.1742714567262442,1.7545973962585413,-3.1472666331347456,-0.2466517587282171,0.7477726004463107,-0.5011208417181158,-0.784324624206712,-1.5788620442769414,-0.900598800220784,-2.320803565251831,-1.8699302059223926,-0.010182068824177255,0.0490938921336198,0.7190920446737513,-0.19071450871602397,-0.7089099758495706,-0.09061685352151341,0.646682572596312,1.0304071024838413,-1.6770896750801554,-0.4865601632869175,-12.151987260039268,-12.78215336591159,-0.25815424325934816,0.25815424325934977,-1.4256704919349292,-4.520262020771912,-3.71390675910656,-5.515183737816041,-4.586233605822771,-6.782887130395989,-6.261121214722635,-7.336264352830816,-5.302405007143769,-2.377176522916903,-1.7179867577017274,-1.695563783193413,-4.077389152523809,-2.298263318402176,0.16373159476468593,-3.3156606452791646,-4.025861377037715,-3.3782180753976205,-3.9012636229742013,-0.9232521292968356,0.9232521292968334,-1.7363649508820138,-0.19464015696224973,-0.6212148229023231,0.9583781773003444,1.3992015964839921,-1.1847806368379252,-0.673105933114147,-0.6269415060072253
34,0.3005890701818087,-0.33039152188286863,0.3207991195527301,-0.2909966678516269,-1.6140253622532033,-8.84234681063388,-12.147736776131564,-6.962030223299695,-7.93813928354216,-7.958733221448787,-7.992666851527365,-4.447546997969493,-7.796395782993186,-10.681125772513374,-10.375861387068305,-10.370646055367153,-5.112572871247305,-4.716752374714526,-0.9439817736101362,-3.934167087925485,0.49318175961778854,0.5383067001541395,-0.5383067001541376,-6.850457691937849,-4.863553849284002,-0.07778985099426546,-1.1457038258210581,-6.3611817491240625,-5.304775150555289,0.28565886028754833,-2.4273232157408473,-4.68015580711001,3.806218948622325,0.8739368584876859,-1.9633759083522033,1.3408213598875753,-1.2520669918841556,-5.708727375750754,0.5227283463179936,-0.6080523709482127,3.281266154059914,0.22602128227672708,2.4958805967675564,0.3820310886714854,1.127604378691776,3.499031297380226,-9.371469343886371,5.872438046506136,-13.790207113007805,-63.09977448293158,-62.81588860076247,4.555711494269729,-4.555711494269726,-9.510999151825649,-20.37786274486741,-14.572758191865121,-19.26929809075515,-11.88274466358069,-2.6505168799718093,-6.633078842708326,-6.96318051369736,-4.548659249874857,-0.8809266845974958,-1.3911955754227874,-1.3398280989830442,-4.944560030319468,-0.4573525055612132,4.87181287568942,-0.3290420522498592,-9.055631682413786,-6.913282343636248,-8.39222989667659,-0.0895190697784385,0.08951906977844006,-4.565042581109346,-2.5792880329788543,1.7740283113538033,0.45923955057579086,2.33177471917976,-1.4531739139519722,-5.255171786426531,-4.37830475868785
35,0.02505975050989617,0.4003926649884198,-0.22820776223687186,-0.1972446532613217,-6.345255025440851,-8.726198352762779,-13.158340851956732,-8.742872350071837,-12.358897181024231,-8.706020072905064,-8.368504467988098,-8.81124409176341,-7.1946836492261035,-5.876023694385513,-4.322066915052872,-4.951954769203141,-5.847398215474878,-8.28288661258881,-6.230060041996836,-7.273628428199906,0.08161782109826243,0.23113453737789597,-0.23113453737785497,-3.545984885725588,-1.2304583406564564,-0.3259384445989514,0.004295057459277112,-1.5509828885350792,-0.5433364894045668,0.19260141821670831,0.6404253780487709,1.3722512193533645,-1.0306754230849058,-0.3415757962684458,0.7581511270003248,2.0102109362903526,0.34714712041438983,0.48851139460843696,2.4190520096665193,0.4084791035940396,2.0658159765658195,-0.03565798601705387,1.6090815010484254,-0.3728211175769808,1.2757394353548461,-0.42490144839378796,-0.16326465164441062,0.588166100038202,-1.8769299868257145,-3.8866394193955385,-3.9809915921379897,1.4569493546652537,-1.4569493546652317,-7.290535919943952,-15.052158615401769,-5.017889273292292,-15.873262680827585,-4.890620295963241,-8.223151313719384,95.9059412120447,94.0508593724678,88.26811685853923,102.48232445594938,103.13439609691034,105.04452483755198,101.47604151161971,106.25394721272558,103.28450575369055,106.51783502878087,1.716215156158585,0.8268440948375124,1.4335233949079051,-2.3408614817032443,2.3408614817032434,-3.0756941633459114,-18.249984408085304,2.0262908005181397,0.9668502013071681,0.08255316152062223,2.2624509025829305,1.2282877447739928,0.5873186474800463
36,-0.1033716405802781,-0.7473410886706656,0.5132201625789723,0.3374925666719441,6.948922597636644,4.401629492615318,8.156333531879564,7.767355899021858,9.54859421851907,10.651539570042361,12.111419769908917,6.21844622360546,5.162479184681898,7.0398374841935105,6.066391444019405,5.568204827340151,7.396053421150092,5.96505516379012,5.917327967739205,4.643738331855937,1.6940569882493015,-0.29314172015317674,0.2931417201531836,13.75170142579657,6.600834243848845,2.786359557705283,2.3010288224328614,12.052671959466487,7.104465639183087,1.9541585120233191,1.0620203160696415,2.9322264007113077,-1.665637416283407,-1.2665889844278952,4.654768150723053,2.180696499860258,4.217842476385878,4.553114137947388,2.241459224771391,-0.44882436742161996,1.0685367203227183,0.8988502994829499,3.134855996843712,-0.4500259320613257,-1.3566876947914657,-2.6100987141429517,3.806864798643515,-1.1967660845005594,5.92326337400828,7.419144257244289,5.816219070273417,1.4701662994159561,-1.4701662994159514,-3.301004504092417,-3.2230549258829573,-26.103759132511346,-6.758161867660249,-33.97472842644061,-11.548994889880298,21.83396140968075,21.55449865279835,23.633809225750845,8.824003409843154,8.279527077474182,8.44724307603007,9.933709282811735,8.909728924772525,9.206100570246331,9.581540762798923,1.8471168636440232,1.4391819877034153,1.3475959386516814,-0.8103983073172325,0.8103983073172301,-0.6699275631651087,1.525898236968482,-1.6480185839142825,1.990436730403357,0.32750941667603883,4.599984779109941,0.9388917728576222,0.3232907203876478
37,0.27774573841862304,0.2590775300305893,0.32700621781557077,-0.8638294862647683,-12.210992925308542,-12.319707513316217,-9.330796712879234,-7.365415754288195,-8.020330986584536,-7.890810690930651,-9.898836371086952,-10.853728987801931,-7.46760495013557,-6.309421884517246,-9.438863002468981,-6.124736806268812,-11.728866531743732,-9.083507848093364,-8.533602868925637,-8.116706936843991,-0.9015905284074144,-0.010621654616885669,0.010621654616887173,6.175667398448251,23.02538981343009,-2.6098008310096543,-1.227110230809205,5.5475112342733555,20.310560935799714,-2.3016709545446408,-8.35309394475689,-1.6369842480676564,0.1864115772614363,1.450572670806216,-11.88932080433339,-15.137452936847447,-13.884671809588427,-5.571198648801297,-8.112412942491451,1.656511603897368,0.1551591765315092,-0.8080122260134249,-3.5091642464348034,-0.8484993778839387,6.5797163726427375,4.082522068430007,-8.88912958640968,4.806607517979672,-13.276854190543705,-11.648193575412947,-12.334779345766787,-1.5341879843887305,1.5341879843887294,-19.4523163113075,-22.187565427458164,-14.941801495990568,-14.660508615555509,-15.263879072115795,-15.010368387263327,-2.343680116449242,-1.1907154620985014,-3.911965498460237,-22.878473787494027,-22.703046710377134,-19.61147966427521,15.017125832062678,-18.01078948776015,-12.549509383520968,-19.274096712673447,22.21164541729627,22.265286292277867,22.638759232367445,-0.8267899849468536,0.8267899849468581,3.634794076366646,8.538842294055474,-0.9694276230216916,-0.7746098829644561,-1.8907565703805072,-1.7058041333958343,-0.2531299977869071,-0.17466820288283175
38,-0.2574033906221133,0.5674794452254229,-0.0006351746990896204,-0.309440879904101,-6.511398872229514,-17.200870437531304,-29.41162819722125,-21.424222581545926,-33.27208597505728,-26.045074351298815,-24.445534330768744,-19.17177829214991,-11.808897247681044,-11.309524016299074,-1.3647004577322837,-4.245217599347689,-2.1695298794051854,-11.368801555210045,-5.7825339566192,-8.865668548749023,7.199062172321591,0.4174442417319488,-0.4174442417319737,-10.343163278110264,1.9814289762779476,6.251479839316599,6.934398240972335,-8.158002229304337,1.8132793180528914,6.901897540157744,-2.742237519563911,2.4849620915107002,-1.5457439459598776,-0.9392181455508236,-0.034090726921495035,-1.33703234546186,-0.9710070143918075,-1.3878604366997749,-1.4021825692102143,0.22650437055062445,2.0765638687173684,1.875383228756482,4.8896799956152845,-2.1018875993071076,5.634012697962466,0.8005928832359628,0.4808898258103994,-1.2814827090463612,-2.54160920405259,-6.972471431093669,-6.627173804604379,-2.459225757658857,2.4592257576588605,-33.561227935077376,-32.95583093297931,-26.56617425750368,-30.29974343696415,-29.397280032422653,-28.682080206748473,-36.90231824908413,-35.54998659379601,-34.7734734207113,-40.14119261090769,-41.425352772490456,-40.34993403303402,-23.722617717128227,-38.62763831573198,-33.97094858281943,-38.127351918617066,5.596784150353816,4.248569880798427,4.48619997817499,-1.2053900982603443,1.2053900982603387,-0.07324774552402806,-7.815272405340296,-0.051909015447002216,-0.0816782604604082,0.20683502143142984,-4.4338985967430995,-3.522321920948083,-2.9749343127531636
