,SRX3737100,SRX3737101,SRX3737103,SRX3737104,SRX3737105,SRX3737106,SRX3737107,SRX3737108,SRX3737109,SRX3737110,SRX3737111,Abaum_0017,Abaum_0018,Abaum_0019,Abaum_0020,Abaum_0021,Abaum_0022,Abaum_0023,Abaum_0024,Abaum_0025,Abaum_0026,SRX3141471,SRX3141472,SRX3141473,SRX3141474,SRX3141475,SRX3141476,SRX3141477,SRX3141478,SRX3141479,SRX8944518,SRX8944519,SRX8944520,SRX8944521,SRX8944522,SRX8944523,SRX5930997,SRX5930999,SRX5931001,SRX5931002,SRX4488547,SRX4488549,SRX4488550,SRX4488551,SRX4488553,SRX4488554,SRX4488555,SRX4488556,SRX4488557,SRX2568047,SRX2568048,SRX2568050,SRX2568051,SRX2568052,SRX2568056,SRX2568057,SRX2568058,SRX2568059,SRX2568060,SRX2568061,SRX2568062,SRX2568063,SRX2568064,Abaum_0001,Abaum_0002,Abaum_0005,Abaum_0006,Abaum_0009,Abaum_0010,Abaum_0011,Abaum_0012,Abaum_0013,Abaum_0014,Abaum_0015,Abaum_0016,ERX1221046,ERX1221048,ERX1221049,ERX1221050,ERX1221052,ERX1221053
0,-4.992923632897859,-5.154228527876529,-4.627291682810995,0.3111324791595555,-0.013178767542527994,0.24733359408549965,-0.545287305702521,-2.1576334544873577,-3.3058779707983597,-0.23228803081795393,-1.385715793088491,-0.2280236470969919,-5.326496807118707,-5.453893670391757,-0.18898438607941034,-1.1462975950915615,-1.2264080994221789,0.22802364709699202,-1.1585055071760026,-1.363367065699534,-0.4298396161311265,1.3829887767244975,0.9155983976120917,-0.29252165087073023,-0.6230767467413586,1.2096745420443866,1.4719275473923303,0.5301033839634957,0.7543810017028114,0.5801853298445578,-0.09506432510289335,0.022735667858567288,-0.463768811096433,-0.12819805030732578,0.5588331361993262,0.20774357334663981,0.29358513664370717,-0.29358513664370756,2.0736404685450043,2.0885212504692716,-0.04437096456639705,0.04437096456639518,3.0048032182733224,1.1501815253071153,-8.149594677202439,-1.0203027727650484,-7.397749200032885,-2.3327876737345057,-5.289026124598254,5.2394941842809475,6.059282538457785,0.8330358454306038,1.3002293333213693,1.565005274780625,2.103157632512571,2.404445524305301,1.906897736485562,3.624798549482369,3.9631463397738322,4.327847166348609,1.2304151668570171,2.4813382273515723,-3.7117533942085896,-0.6937032708969264,-2.2733173035730943,-0.7005961653717333,2.7660472028360217,-2.690594458620063,-0.06660009957930983,-0.25953507875855375,0.2595350787585543,-0.3675224939085951,-1.8422194794891555,-1.5535214493504261,-1.1650992896534065,4.8943578465797675,8.563869265161822,-13.458227111741591,0.7010004172041107,2.1224564766092247,2.26027771801813
1,-7.162861268783194,-7.480461033630662,-3.6989891398367405,-0.2625162695721043,-0.07427463172370484,0.3290400659456114,0.00775083535018803,-3.939371655249457,-3.515173279668104,-2.494890689532,-4.310965154588226,-0.16691180923532506,-18.435697245148674,-18.307126766567784,30.631580146499967,16.534832546343416,1.5727720568213002,0.16691180923532442,24.93502264305747,14.57389167375734,0.7522674943372992,0.707269457618465,2.8214773878343715,-0.5289362975616252,-2.29254109027278,2.34912712060367,-0.7307715474606341,-0.708510738629991,3.973380841722939,3.4876415734308734,0.053049857314251006,0.48356350387795805,-0.01209468854270267,-1.1145069838465134,-0.04095516877152371,-3.313699166868215,0.33305887053918587,-0.3330588705391991,17.35910549526052,18.724734482401633,-0.5210594376151181,0.521059437615116,7.5184089269441134,4.537404455381935,3.69954080163991,11.052244911226392,1.921890009582986,11.877285783707846,3.681778399975112,53.116167433601156,57.18638181869454,6.4968481797513435,5.745339146751421,5.79053014156701,7.218742479752705,11.213533830224932,9.070483684546934,2.799061915555949,1.7791159687982476,2.7720403687266804,-0.33641390452066877,-1.0847804250576523,1.4211943295783278,3.4346614697521805,3.2150547085978842,11.33639948527351,15.008399698555287,2.720605783302349,0.2295879844615094,-0.141460958581749,0.1414609585817483,1.9356275598654125,2.6651767161910986,0.780351112385612,1.7985925328959045,-0.6231349257861133,0.12641193058630354,0.4967229951998177,-1.4076968732212551,2.423639468400049,2.8360130058455866
2,-32.8699596422589,-32.928197241242714,-34.27350885696167,-0.37033350857596986,0.20058983297162936,0.07240211457498903,0.0973415610293358,-19.107696439246553,-19.48739118973306,-2.552921304087678,-16.93987462859019,-2.3721666831302763,9.005491529330799,9.349910117149763,0.1173975796719664,-2.1781644982536665,-0.07678068118722287,2.3721666831302617,0.08478496788076324,-3.4458518657569237,-1.1308853618356636,0.9564462373014885,-0.3180338778786393,0.7843523380405254,-0.4663184601618998,-0.6718234286890363,8.20400709833231,2.206705330187246,-3.4194941294832013,-2.1458512593656027,3.2494736663729133,-3.688074089071057,-1.4852238794297412,-3.3787777065168307,-1.764249786943176,-4.0628122906451525,-1.014395676592045,1.014395676592042,17.376300969945195,17.5626353810988,-0.4339966898448027,0.43399668984479894,-12.876380976443011,-15.655996119331512,-16.651500766834467,-16.346144966273922,-14.250372100676058,-17.91011630954526,-18.65359487723118,3.3527058049368237,2.073318235346787,2.813471081218122,1.7230977852186846,1.4841338195085547,1.7318477080574346,3.7675555596904093,3.6403584958069404,-8.625553846619825,-7.758936038342365,-7.84228645322284,-3.179321237069481,0.25128494732373335,2.9280362897457444,4.542110877246171,8.605145290883117,9.009361205788876,8.79460538628476,4.77120927914452,3.3207590152649855,0.07741257621714001,-0.07741257621714043,6.61454338139017,6.740399360099133,6.697825385221612,6.562763400365931,-1.3987072682074828,0.5885753739938578,0.8101318942136256,1.3917525242624575,1.015489931354677,1.0162571335813952
3,-8.022987044393194,-8.068266349709528,-5.524053835081554,-0.10845653373906433,-0.13822078585494407,0.47528332919469296,-0.22860600960071067,-4.212522787949349,-4.814070822262442,-3.011425441748024,-4.082870498707357,0.07698166744470658,-7.910243440052206,-7.264215404678827,-6.315050106332199,-4.16632382168217,0.6973564873484012,-0.07698166744471427,-6.008654645682051,-5.883913432773714,-0.2778714253451994,1.0091193707724777,2.5619351969081423,-2.409033265405058,-0.1529019315030823,2.8375298337353,-1.3800497607648148,-0.8615416548470791,3.3854766032875405,2.681562396833074,-0.37963570864171015,1.2362837719627602,0.002975899928825055,-1.1249938349467492,0.3766598087128597,0.6653304728964891,0.2074911022616269,-0.20749110226163248,2.4853041030655016,1.0012616378617416,-1.1711479675931113,1.1711479675931051,-8.157953547006803,-10.240847114112826,-15.632372607338572,-8.863743169099404,-15.635048495279362,-12.02617261754109,-13.291632495052676,0.9268406279079056,4.11475936815057,-2.3343596303267757,-3.3817605284742522,-3.910590019021374,-3.2690611877367166,-2.646514004775295,-2.992008768238537,3.664851955952308,2.211185726103704,1.9556422806313156,-0.0748169589263462,-0.23022228479716073,0.3050392437235041,-10.59762633052221,-2.0763987729519435,-1.200287302325971,1.2112897124860276,0.5877613246960582,-1.1502621945503244,-3.797822064833076,3.7978220648330727,-14.348770297418712,0.952337563205498,3.475485940316479,4.3166024493207695,-0.6572688466240701,0.5256374225501311,0.13163142407393108,-0.317476594799732,-1.0828366308056738,-0.578991930569055
4,-13.631105894994842,-7.7287960609382855,-12.571366621143513,-0.31586386463388616,-0.12267080776114393,-0.019378411684924025,0.45791308407994086,1.514991624753129,1.6291963623956478,-0.3361965624729027,0.8569963796905202,-3.368272365512572,-17.538159321110655,-16.377168695202432,-18.030375705766122,-15.406866344880234,5.962511278758126,3.3682723655125524,-20.200107221112827,-19.2641244862794,2.175386923186171,-0.686266181201005,-0.23979665219080318,0.18920621987449854,0.050590432316303016,1.3254674924409242,-0.8533790393135153,3.053568531343751,2.746538597104199,-1.532987874731182,-0.0541373864479307,2.8652777398395854,0.8248398738775347,4.543526127879558,-0.7707024874296045,1.0496018740677384,0.19746702550385498,-0.19746702550385034,4.210109133586205,4.514275235542763,1.4558102132133934,-1.4558102132133943,10.52872619466858,7.623708753962091,4.513881309213103,0.9437628010091451,5.618021311847897,-0.5516640463770361,1.6898809143950606,3.331917573179938,2.8120536291527194,4.044970986380016,9.531890076043874,10.428113261379556,6.045366794798511,1.0039899284005334,1.6125380195558043,-1.8729979350393853,-3.4023617607344345,-2.220181124892537,1.1927888871783345,-1.3029623590170685,0.11017347183874308,1.8981680517660153,5.085645698695643,5.310078240074017,8.577109089814611,2.439305304083116,-1.6315757828458208,1.0406351535643383,-1.0406351535643399,2.390106523673163,0.7472811137463496,2.7497677963120544,0.9576898316235848,-0.5213294148516123,-0.0816133310858292,0.6029427459374443,6.859849928856346,2.522570792775019,2.616125836686181
5,4.193401332955515,6.406729976795014,1.4964635903092784,-0.29680180602389394,0.2767727783142274,-0.2814623022333392,0.3014913299429806,1.9160365968129014,2.657509160515564,1.1032704812895717,2.2685835263439733,-0.978798511199826,3.2089342898464563,2.915156291182468,-8.692606025835062,-2.6728568754399866,2.3824534686084307,0.9787985111998152,2.228729455443644,0.22323460822259472,2.8123549574789783,-0.10854488687511298,-1.1342332250772942,-3.535904167114876,4.670137392192153,0.5216970505658718,-1.0936317315760646,-0.7085227509476342,-1.7398741381181468,2.641172387718093,0.8151930393016705,-0.3121596482574093,-0.47362866708654916,-2.0673076016958096,-0.34156437221512886,-0.6580221565025524,-0.3290674316408276,0.329067431640829,-0.2010699011763336,-2.1988528990522243,0.18385173133425836,-0.18385173133425473,-2.4506652915578706,-1.1653974852166744,3.407863422730292,0.6843008226629961,3.362986605913004,-0.09679376220914526,-1.0928728740223128,8.592343199706505,6.944169779584307,9.589065606479847,10.590211768715523,9.994358086948399,9.291037767374798,7.91586234089079,9.016420726056129,-1.8763370189361712,-1.5190978133351098,-1.6022926150505503,2.2169106768024927,-3.6015813543962287,1.384670677593741,6.030654219894874,0.7649254330202647,-2.7443587662436486,-1.812970267056229,0.9978497131728372,0.19222105731978326,0.22639216555469668,-0.22639216555470001,1.069471901447998,-0.903077724154281,2.777984449086688,-0.49215546355022927,0.06364109807580204,0.48878726453493465,-0.5524283626107259,3.1193285160768585,-1.0248588998945083,-1.535197678304254
6,-4.832924982053213,-3.2735567738378553,-4.406752021228898,0.35517262549900763,-0.009146136986029153,-0.1527406311201776,-0.19328585739279724,-2.1359305041522334,-2.4278486333834493,0.1836473558233449,-1.3546890098096644,-0.022407187860345634,-6.8032026171234286,-6.595473152949041,-17.50994027765604,-9.869762260372827,-0.1299165467135527,0.022407187860341838,-16.5067194849734,-9.096425776490458,-0.6911287728007269,0.9718256742373309,-1.4855238226298755,0.710945824966024,0.7745779976638629,-2.2477534951639075,-0.040711464354332455,-1.9843249461861674,-1.5228657637543055,0.2271883991475324,0.09774313489967526,0.9604759969193566,-0.6966419723561547,0.44900808413816273,0.5988988374564712,2.5180353667111386,0.44646812593078317,-0.4464681259307794,-0.8680589436065183,-0.6498738839111237,0.6599006258386104,-0.6599006258386134,9.187192856905076,11.113801919952273,6.7078477061998125,-0.6788400763303305,-26.883202333674035,1.839740062827032,-7.155756855062231,-0.6220381506554302,-2.906704809930136,-0.4091580592128392,0.6272503878280289,0.9996802566663148,-0.11938472340073719,0.30939010000987255,-1.2600118545396093,2.0273448387622235,3.6567536048991567,2.612743042594602,0.1087366856240206,0.033185983462702275,-0.14192266908672316,-6.634523098000289,-7.850883093306064,-9.23079787140711,-7.700644082504059,-3.4561983452977554,-1.3340882298226469,-0.09828264382892878,0.09828264382893077,-4.011798061759136,-5.669917936443925,-3.5146495376741855,-3.6541900320976506,0.365418809580607,-0.02871182353799649,-0.33670698604260935,-0.3827307056874153,2.4050667939565513,1.9785442302938525
7,-51.70157305757749,-50.34011452437646,-47.73204977208188,-0.3146626300624996,-0.09254891464260429,-0.5604047141825786,0.9676162588876036,9.031942204785953,9.355755290109375,0.6321897011666884,8.663637257952288,0.0952314792044598,-9.450173029858382,-9.703075979790487,-11.003672501529168,-4.198157665735312,-0.2111035783342772,-0.09523147920448055,-12.523184436584511,-4.466407324780128,-0.4252519951765457,-0.10287756976397022,0.7755065615286155,-1.427295087289314,0.6517885257606919,-1.9682180465651833,-3.382474817649933,-0.5713295812326689,1.1615654147966026,0.7663746388763818,-0.9383193801550814,-2.0907302505267387,1.93353851409194,-3.16084643818771,-0.9952191339368686,-0.504885302882215,0.3178624023560325,-0.3178624023560335,1.724613517712043,0.5187641286293784,-0.22008560690723752,0.2200856069072359,-7.347511831431645,-9.567070789697212,-20.89790558503788,-20.52672576199403,-22.80519169390563,-19.519708179029454,-16.17444937422925,4.6907346570273765,3.326254475879443,0.8070917730215599,0.10043543031194996,0.8151171632897107,-0.056143765157636825,2.0837879963476773,-0.017422162011391115,-1.6293322415976288,-0.6184714967825586,0.25541602821263326,0.5379194134062878,0.8420958278962252,-1.3800152413025224,1.8970007423174646,0.6397659223599336,7.8665113566223805,5.89350953103665,0.41501586928991513,1.4139674480936892,0.12734853809551733,-0.1273485380955136,0.8817314976173697,1.0028988973223374,0.995663824737243,2.515886264915319,-1.3859121580223177,0.6998486330144018,0.6860635250079217,-2.9166179400162098,2.675762263898944,2.3562214780818267
8,-8.00143798135766,-8.225987453749106,-9.658525940966083,0.9064043299150317,-0.2377412757123462,0.17720429335958202,-0.8458673475622597,-1.4992497340383883,-1.3905741804630383,-2.0812896115915165,-1.7669052864806654,-0.14263500160975234,-0.9007373261617154,-0.4929731670560083,6.8180542142294875,2.0950216812631814,-0.006196000946640218,0.1426350016097447,6.234862826261564,1.1083900701975176,-0.08790502533373942,0.9589503475326242,1.7107121140182102,-0.6057816623168143,-1.1049304517014047,1.3062437908714262,-0.1452797214824705,-1.1889788069535507,2.6813580674283037,0.6415528735882015,-0.5759662408569448,-0.7513983789163755,-0.7194986124914086,-1.3521192713785526,1.2954648533483712,-2.3237231799559592,-0.20465829239507904,0.20465829239507957,2.8450015605230576,2.440290066101261,15.770666557621194,-15.770666557621196,10.91600560649076,8.440655520854122,-5.27993079944898,11.999287550223665,-4.912809894014822,8.06027861105918,4.48581951568813,10.986607363612524,9.981232136479973,7.0751460324051,6.096236195494323,6.690666982224855,7.982475891981901,10.53934947227533,9.413541957235138,1.5766043875025153,0.8123681995242634,0.09640408968654918,-0.11072085045017051,-2.9695863448564954,3.080307195306665,-2.6640153284008385,-4.345467627265135,-2.384425565389341,4.356813208448968,-1.7045471316688634,-0.9673001756871039,-0.619878271161323,0.6198782711613234,-2.1054155727987767,-2.3128100332297965,-0.09281697549405661,-3.3580614273225433,1.3570494747957098,-0.19995900943761838,-1.1570904653580938,-3.810236720627375,-0.3119889396965402,-0.2689396652237042
9,14.232161946323751,13.23424158257366,18.047659085339717,-0.3489456557843001,0.46603854844865733,-0.15420510823719139,0.03711221557282756,7.395804510434913,7.734942234060388,2.061316049651293,6.64244520644328,-0.8722424420059539,-0.8474430316876588,-0.9067408803477095,3.798262084461046,-18.670308900690898,0.9369145348525088,0.8722424420059623,6.946618815583478,-18.882741352616446,-0.05688579154456911,1.4693273393469728,2.1544062732166913,4.440731192615661,-6.595137465832323,4.27074241838027,-0.20000604189219584,-8.08828555110357,1.327810133963087,4.482561676408138,-2.7164718740461002,-0.1417682369219124,2.4866845470634273,-2.2888683882630745,0.22978732698264767,-2.807481456590168,0.4444542563630341,-0.44445425636303043,-12.85248639675771,-14.164915417953777,-1.455333456605672,1.4553334566056744,-12.356868332514454,-11.837816709219801,-10.806696916525908,-2.3546674709638347,-9.077289264464625,-0.9194511684361993,-10.76840070341583,-13.7483004526418,-7.914248785469915,-7.926918711652056,-12.447381730609314,-15.769055176606889,-14.900126508672171,-17.023949468376298,-11.808336628516551,4.361423318962439,4.154249491649223,5.069406257980106,3.3176056788087127,-0.25152915434152706,-3.066076524467194,2.9658945822257263,0.6953339796075123,-16.404195197198295,-13.083824542005773,2.0072064244448033,-4.236778774147208,0.8971165840783679,-0.897116584078367,1.2716624283261706,1.8236477150418084,1.619217318631519,-0.05620589186696597,-0.9391314956456943,-0.2460707013175373,1.185202196963221,-6.553288448700621,-0.44855596183466523,-0.10432544238955617
10,1.5103458950563609,2.4929550660355124,3.304038261456058,-0.16484358689222098,0.32451033631001597,-0.0754232175912406,-0.08424353182656254,-1.1141196459407074,-0.5450622996928398,0.03976937125827765,-0.8774288800426628,-0.3255816608064288,-1.4135894894578231,-1.3521339221796334,-0.4045998026041364,0.8605031597472339,-1.921037857997164,0.3255816608064192,0.4370945892162119,0.25390140579941034,-0.48035038935014646,-0.7752232072189797,-1.8484003697191087,1.452449965551656,0.3959504041674421,-2.608426557273269,-2.047313845697962,-2.905540037471294,-1.019454299910951,-0.9060334160941071,0.8808787471993427,0.5924279290519793,-0.5855205024215051,-0.3458984469047096,-0.29535824477783235,1.5011669206009237,-0.18788176662423733,0.18788176662423742,-1.830170613166839,-2.4907515469085175,0.3437282692156946,-0.3437282692156922,-1.60228857750405,-1.3700679191831637,-6.643054305965039,0.15345728504455894,-5.755592909314801,-2.1699556185955453,-3.0996906162006104,2.9040448236321836,4.060671953967006,2.315758525955546,3.1630658706277854,3.490314253815471,3.399144672827725,3.0951366094067247,2.8253203697942735,10.212025080929862,-13.531135714715544,7.921347623294608,0.6310032435875093,-3.637365220826074,3.006361977238564,-2.4835996100410447,-2.5167945073443168,0.23328597622946212,-3.1996106997994977,-1.2702438119708415,-0.03216028786189946,-0.3343786485309467,0.33437864853094623,-1.5150321151626465,-2.043488876524174,-0.3790398438471058,-0.40237545458384794,-0.2248340893524212,-0.3492533894496252,0.574087478802044,-1.9543264542028973,-0.4984556553028933,-0.24785872083996324
11,6.035951647618322,4.773859764562322,6.798360736805933,-0.014008956449289485,-0.20276944489254073,-0.2461187263671912,0.4628971277089626,0.8785200045522401,0.9304707812094816,-1.6542673184594288,0.12756301256992938,0.5351682268059593,-19.027220020969693,-19.92641126196281,-36.82307057138028,-4.170217446413985,-0.3603128041128469,-0.5351682268059931,-40.451814826374275,-7.5493200791070585,0.9203303938681434,0.050207248222270344,1.2110417477584619,-1.0384804019910183,-0.17256134576745644,11.96376522136603,13.78195140669772,15.51432264594322,3.0814904389000297,6.245668041241192,0.5174681712957003,-3.880902303673245,1.392632725934947,-6.250864249957332,-1.9101008972306688,-5.516817216125868,0.29858107044381454,-0.298581070443816,13.699338406722957,13.417927360331433,-3.5124696627163043,3.5124696627163043,-10.674451697347651,-11.008330962161878,-16.707592552742867,-17.469117114057315,-14.074059245235041,-16.81736432200414,-19.48433085000427,22.705747278437748,20.136374441269606,12.250178664170114,17.047662443638096,17.724504149691473,15.429609987823644,6.031047848718029,11.93933193074455,15.89905684559591,14.610146448809001,14.642497506856978,-1.7269475389910218,2.86984764007611,-1.142900101085087,2.394913877829941,3.8118002720569484,7.279053188801914,12.782764732956425,-3.8175738822990617,-1.3696646979711509,0.5630876050632131,-0.5630876050632195,1.8946541962943502,-2.619506245964393,6.456466366399287,0.4633105032219011,2.5310047565671616,-1.86622985377247,-0.6647749027946918,-0.9516945461959407,4.825679667241406,6.510313902548561
12,-3.2143229399263125,-4.0787743259795155,8.050749131220158,0.6233398833523086,-0.3745259803236117,-0.22783324171759436,-0.02098066131111584,0.8769605491130997,0.7173672627846686,-0.3093351931275886,0.4101612015560602,-0.5796000003664779,1.9818984770052543,1.9703645243986225,0.20021733966182187,2.7704669103587474,-0.40053604716476243,0.5796000003664742,-0.6344121415562227,1.893517321815712,-0.24633023495395728,-1.7059370973789982,1.8415887152436352,-0.6265948066215159,-1.2149939086221146,-1.4508442684182459,-2.865868606849516,-0.8749081400818142,0.22152613927392337,0.3432569895179055,-0.9494607681408144,-2.800458910369628,1.0040059080086927,-3.7276387330584244,-0.054545139867887116,-0.14456720872328596,2.050761333084701,-2.050761333084698,4.3016393580311645,-14.756690985930991,-0.06993595090302303,0.0699359509030254,-5.374315782754114,-4.697683282252875,-3.264463154378611,-10.170415704650205,-7.4295524557811845,-10.781920114680087,-1.822418141709547,-0.12354512900410963,-2.419066996078252,2.952261438625048,1.574089531288339,2.217855728385221,2.7545521718242476,3.563539178326303,2.5406260257586863,-3.829934400265194,-4.7421481162059145,-5.792933068253051,-0.6721179689755078,0.2529295427875502,0.4191884261879491,-0.14632005726455874,-3.3589163362591834,-3.8655001423676185,-5.83413275594968,-1.720861611824867,0.3806889123770216,-0.009451582682279866,0.00945158268227911,1.3582880783286608,-1.2670046659823904,0.3254743210969371,-1.9319697092117663,0.8845463833337979,-0.3792421734696415,-0.5053042098641557,0.4232092976304343,3.6575452286539543,3.318985158799441
13,-11.953575934293582,-15.304929944741165,-10.321304582555957,0.5300248861852908,-0.6815689111950558,0.1316054732157142,0.01993855179400691,-1.722925043340315,-1.7619340352571253,-0.9164112641058496,-2.0112847607784063,0.28068906297096197,-6.315156945002384,-5.8110665334314975,-10.967234271316514,-12.952883306105184,-0.8095124517629925,-0.2806890629709941,-13.782093944549942,-12.955729052609268,0.03697348617326783,-2.506351259013429,-2.9717387752594946,0.7446797913930092,2.2270589838664523,-4.0185683087004875,-0.39069962835890293,1.674813006303807,-2.4250719938633787,-0.572952849072116,-2.5246110132871156,-1.051104597826085,1.0626539886788195,-3.569598179786154,1.461957024608329,1.63393133133177,-0.0959858537410411,0.09598585374103949,12.418145464432778,11.4919167426329,1.5063246410110687,-1.5063246410110702,16.088434851611915,15.35707111307922,11.259187485349536,3.572290684983198,10.155247394068201,0.06647923155765448,7.485598002265425,31.300615786433326,28.429843471573157,39.21728284994,39.706456250652984,40.7701551996033,39.09497082229017,17.27886331770779,38.87160947440282,-9.200535728965056,-8.197842849239285,-8.32071948294238,-1.4967835462757488,-0.03235001505891768,1.529133561334695,1.4463494149182008,1.0524805508447233,0.2003854364625121,1.4234540821790913,-0.6012354008961279,-3.0352224147569085,-0.05255287028226505,0.05255287028226087,-2.8079477101466193,-3.1105076172674577,0.19842882324697447,-2.3530317843139086,-1.1072152049474022,0.911596209699533,0.19561899524787577,-1.4143467365258109,1.96269069902044,1.9737718245380218
14,-6.4870054354724065,-6.189622510181651,-6.060016938984094,1.1077230410661567,0.0824073601176838,-0.5122759304125243,-0.6778544707713331,-1.8267475046848964,-2.0998271453056954,-0.7961178963119684,-1.9214583826108806,-0.21505089849555606,-1.8211040681892001,-1.7273933757015094,-4.408964893035778,-0.9291236716086639,-0.4124522739593626,0.21505089849555428,-5.907600085352078,-1.5745961965758744,-0.6399882053852012,0.1424108311135301,-1.3581144446820448,0.3567589603741838,1.0013554843078736,-0.667096724565652,-0.8849988997688014,-0.3084681320533516,-1.0837149407719966,0.4488925276559984,0.2695295269663143,0.39826032952421203,0.30323399828285086,-0.1454846720143792,-0.5727635252491812,1.4368417839805647,-0.41512278596411806,0.4151227859641153,-0.744793591930496,-0.6035379179481203,1.337094486470912,-1.3370944864709091,-37.53971335089884,-8.043609730686251,2.66533634239416,-15.682398738024515,3.2512742969353816,-5.351828380832908,0.586660933040751,-11.024232843779307,-11.352791840759984,-12.877366352274976,-12.820866418018307,-12.063175174001806,-11.731436702089994,-10.510737157420785,-11.922453886824673,0.7828264153972617,0.09297079688159038,0.9182769471961639,1.1148872204034737,2.080227798285507,-3.1951150186889903,-1.9413027788237178,-0.5137928950314011,-1.6709075565702927,-2.8868460930200452,-0.9202417452759626,-1.2604104792734183,-0.10961727090924772,0.10961727090924812,-1.2307626539565062,-0.7982053468193575,-0.14758444169779567,-0.621875083538757,-0.22961332703547302,0.7282576165869536,-0.4986442895514886,0.6913314914095194,0.2760228963967273,-0.2121808696816504
15,-0.137642525215605,5.218355378024848,1.265047204164687,0.4691180282521927,0.25797342756169434,0.27521449544937204,-1.0023059512632804,-3.506206515003235,-3.728464574241967,0.5731459671329228,-2.3645595278017826,-0.729961665554159,-1.0635863401478998,-1.6571168356262032,-5.415893720212863,-2.247445778782303,-0.9588387429597781,0.7299616655541363,-7.402772438693339,-2.767250760320146,-1.6756384732099328,-1.399663512315902,4.535820765875736,-4.007371486357616,-0.5284492795181155,1.675560542362065,-3.8975181011523192,0.48517388068902495,6.694771928208787,-1.270547759070511,-0.8832736737624753,-5.830516534501427,1.1336159509867407,-5.6122879501572704,-0.25034227722426855,1.4076429176779872,0.8768873774505437,-0.8768873774505515,-6.01466545502799,-6.473410771170077,0.7099313070194115,-0.7099313070194085,-6.018583401239446,-6.55131025720617,-14.68484075096724,-6.231450457037983,-12.181058229751455,-1.5669560856199496,-8.929068032615605,34.198649722514396,36.76913136491517,-9.315907412279746,-9.668619673107282,-6.448616018691772,-3.8949714299759104,-0.571946009045739,-2.2516287281012715,9.978570597551283,8.777210905652318,8.25000041758522,1.7489779406305463,2.2749238516540795,-4.023901792284632,-6.802550654226584,-6.517409093419068,-9.753522296138499,-7.543368516135317,-5.657532184074086,0.4408907249911894,0.2737612768422754,-0.27376127684227897,-3.834855257479928,-5.329310712405602,-6.164558549806982,-2.7926943109327613,2.3782102758086894,-1.1651836007877678,-1.2130266750209182,-3.888663252279367,4.068172190969061,4.965890047975852
16,2.695212222707034,-4.661718869784525,3.6538728093557835,0.025224406630870208,-0.010410253218430391,-0.18966791228527577,0.17485375887288682,1.1664184725311053,1.8007737561929735,-2.5420756463759555,0.9663256283759906,0.6253551648767062,18.51320601987747,18.47326890746445,-0.4488274914681253,3.402842380637224,0.12381701452520812,-0.6253551648767118,1.8984102761989126,3.382539291609734,0.5712418331977248,5.532246037232443,-8.735040926208463,5.312996974242313,3.4220439519661414,1.533650443501337,8.39432517080509,9.580975303748081,-6.404398562061946,3.883508398381048,-0.6795193591161305,10.871079758685196,-0.16414809323090263,12.86517139842189,0.8436674523470304,2.6169762681916153,0.28081349970898395,-0.28081349970899094,3.3214808750811318,3.809498071926665,-1.176185342195268,1.1761853421952704,-8.217013390140941,-8.747645970973315,-1.0220282535500098,0.8306993199793165,-3.270967320963288,-1.2654843558052695,-8.848343748528153,18.706664804913274,19.546405801119914,-5.564634495768406,-7.191601119724981,-6.218955602254584,-6.174999065225607,1.1901398400576761,-6.4088990228575815,14.024841654444582,13.79446593823588,12.904130987229543,0.9778575547664459,0.49676536749671757,-1.4746229222631615,0.5643601234118903,1.4477749056050808,-7.172835413221431,-9.73956257591172,1.3969042257306008,-3.4227572247816154,0.42970624401299823,-0.42970624401300006,0.2846399826018711,1.033391757387825,-0.29014352094453616,-0.9116843138561326,-5.3692061768811,1.7328365749651455,3.6363696019159537,-0.06107347912685777,-3.429202043839681,-3.6316173304986963
17,-5.440013150613151,-4.248494077546211,-4.981933138151844,0.09271107963880411,0.2243009070936609,0.2567486586246998,-0.5737606453571577,-2.2922986719295686,-2.4771072345962266,-0.9157805523578755,-2.5291446851495603,-0.4866526754191915,-1.2703977328430949,-0.6055800248816156,3.0993746998326754,-0.192289733874915,-0.09572759804075888,0.48665267541919066,2.5528960495115745,-0.12838969559154428,-0.554627105126542,1.5234753628007427,1.0910892009092017,-1.125838766983607,0.03474956607439971,-0.06455134398748445,0.2990943632066076,0.9596263876601531,1.1704721437805659,0.21207848215512948,-0.16434007486984512,0.9942750792369494,-0.44235703316895,1.1053798972607547,0.6066971080388055,0.3286080667751836,0.08242885367975995,-0.08242885367975855,-2.818803363252523,-2.2779904498303454,5.157316953997261,-5.157316953997266,12.707588859529789,10.690617443865955,-9.913193648585445,8.302452470438258,-10.008970574974457,12.245832948376332,8.436396868185254,8.040674271677732,8.120979471239284,4.6313206655178485,3.9666097813395185,4.567176310830396,6.433689559773394,5.036347184036395,7.433249449315378,1.3933431370211355,-1.9559728499213824,0.029888101584843004,0.8265259254005477,-0.3192629631806975,-0.5072629622198476,0.2703126321041193,-0.44929218339766824,-10.256726529724743,31.462864315571405,-1.0178840347608116,0.8903363482360898,-0.32853497374405616,0.3285349737440567,0.43045038732002455,-0.14660387706127595,-1.0117214090033788,-1.2914493375889124,-0.48314222242834653,-0.08033374912282387,0.5634759715511799,-0.5218769344394361,0.878174559159065,0.8821540470664955
18,11.903077251364667,7.952660340683341,14.253160818363538,0.3232129433313941,-0.21644940637870547,0.2293038598571721,-0.3360673968098536,11.899738691158507,11.449206274295783,20.863786242815912,12.2668986709061,0.6048916960430233,-2.7047597238716716,-2.535806290264288,2.976468126689283,2.3784878215175462,-0.12690232731788637,-0.6048916960430135,0.7818481895117337,1.2274338552163924,0.173060259747109,-2.0906136623532143,-1.4425061478722392,0.9302333388619781,0.5122728090102724,-0.5043874513069526,0.4255303109684761,0.6887258226151588,-1.054185266881659,-0.12443733496640697,2.298096633532925,3.9433560123557223,-1.058042706540941,4.912439894204184,-1.2400539269919824,2.885453780409501,-0.0425983586270798,0.04259835862708356,2.7693285638721146,3.488755728882545,1.1375820396842262,-1.137582039684227,5.957814899414923,4.8827567823757585,5.826166949823868,9.518379620445643,8.054451829281122,8.27510726923063,2.067347684975295,7.535884414260715,7.651251254745506,-2.281082588973876,-4.084730679273965,-3.5885640110262202,-3.8339092390746767,-3.867544545677662,-3.1701661227156768,8.724841782633503,9.043792807537661,9.07376524314462,2.225624625487335,-0.8413639571247049,-1.3842606683626246,-0.7745488010225561,0.28483085323377216,0.7606849425301729,2.916957893777498,0.5437139129463122,-2.5565412372470506,0.4039655825662568,-0.40396558256625603,-0.20520198389319103,-0.7962532851504308,0.12023456085708513,-0.3422115233108235,-1.3343779996100589,0.1433022799411898,1.1910757196688704,4.084149153229297,-0.15890747907037903,-0.2987385593168459
19,11.56608083817877,9.055467176637945,16.858922059166478,0.6928658623485425,-0.41680341519739506,0.5167683620468723,-0.7928308091980567,-4.562409571295088,-4.352564948647517,-1.544888223658865,-3.931129677028043,0.6697403123707454,-2.4370419124427913,-3.7252511838216495,-7.659155714384641,-4.444472425757097,5.698233449369372e-06,-0.6697403123707388,-8.655543211753166,-5.446677518569715,0.2623322311686777,-2.807874410035753,-4.814505714700757,3.6137330526028304,1.20077266209793,-3.7898363195889497,-0.16814649046347138,-2.234710678918982,-7.1760302310680535,0.15833390864706076,0.5721493207519618,4.536922850932423,-1.2547326099413596,3.6434615272473634,0.6825832891893713,1.140070509288352,-0.49999543412086433,0.4999954341208683,-64.27510850229125,-62.51017692775057,4.537070166416674,-4.53707016641667,-10.366535252515208,-9.816492630021171,-24.3218645466216,-16.029316988256788,-23.02232325682461,-13.289527116101294,-5.036643648786832,-3.7343758882790623,-5.449438954989933,-0.1268548934367254,-0.898987015497531,-0.1321242601340738,0.7211167930069098,5.699658892426214,0.8828533454664408,-10.691623730626976,-8.340896700350786,-9.081546125440372,0.14402210459087594,-0.6742447786106154,0.5302226740197267,7.971184150643011,0.1446707711469878,3.4594135571785314,3.319178306861514,1.2824058797386164,-0.3410938718213777,-0.2996302608407557,0.2996302608407555,4.093809019731322,2.768776173176879,10.414145932009513,6.004388004510739,0.21251545935636565,-0.5270453545668531,0.31452989521048225,-3.575726043382225,-6.418444375992947,-6.18056172669457
20,-1.4592854326718443,-1.8101709516110853,-4.648634672506069,0.166931126668568,0.03082307916444795,-0.24606243797548358,0.048308232142412894,-0.02588994769674855,0.03141834492177819,0.11704014204523838,0.4195727189200584,0.14882396415203783,-8.204050542989737,-7.506851299457171,-18.511646657861707,0.5401982317869135,-1.5775465072438026,-0.14882396415205038,-19.55660287673545,-0.06919012736010559,0.1001769781971562,-5.234932176981235,-2.4410654362185014,0.9022566974562625,1.538808738762237,-5.6671934087374884,-1.8617432138899792,1.2342175025140874,-6.4776074277193745,-3.054166796590516,-0.11008490048082681,-2.0844679041589167,1.055291049830948,-3.738576098098194,-0.9452061493501231,0.9092972537705503,-0.12271401944939864,0.12271401944939953,4.004420278811123,3.335799328722651,-0.2576601223747206,0.2576601223747166,3.2470266719376006,3.5523722462747385,3.7113771510543176,-1.3298785252044107,7.167810563541536,-3.138925554865157,-0.1356795530516553,0.48837375459068616,-2.988282225200154,4.285273706889667,5.895254201593389,6.928169723879298,6.883738405014636,2.860843894749978,5.577836724694744,0.4325524851552743,-0.14797092407563073,0.10634189803507053,-0.5641218056559989,2.4093713933805114,-1.845249587724516,0.16991113111976064,1.108553085051203,-35.112770723193286,-35.296682054528,1.4673769320638559,2.1099477250007133,0.2435060955103312,-0.2435060955103295,-1.001180098885061,-1.6438234843308777,-0.020215885998133218,0.7942066223007852,-0.5075786203202508,0.491201502143309,0.016377118176943317,6.138721667933787,-2.313904103277876,-1.7517558767989931
21,6.016845676945647,6.049903615031143,5.415703097863536,-0.33156173163343783,-0.07693893510584804,0.0711236678822035,0.3373769988570639,-0.45424972645623224,0.623614893054296,0.9410600348901429,0.5551052834750178,-0.13290249133790802,-4.755845854482963,-4.945652817717347,-7.332668806044482,-1.8047270000133613,-0.2741536746243512,0.13290249133790072,-5.430896568494383,-1.5813683499035216,0.5263963678582398,-0.36635382644217274,0.8828697174886158,0.5838422431756398,-1.4667119606642574,0.9482365318851881,0.016626559179981636,-1.27919818896061,0.7910235022825272,0.6428986970823461,-0.6976105293561317,1.1710302606103542,0.945349104270713,-0.43190866465930416,-0.24773857491458134,-0.9436567946875474,0.3099157825743079,-0.30991578257430547,-0.4055535093769533,-1.0870311749802224,0.23454507590182394,-0.23454507590182364,-3.2287440127286104,-1.8600996728523544,-6.153550451500905,-2.766736744455508,-5.5092322389245245,-3.290568325083127,-5.503362890222813,4.576379368900889,2.2080294950987653,7.58879592774193,9.376756065548037,8.683658567695167,7.714392516087707,6.632452645878111,7.765130218796815,-4.3035690845226,-4.114041176097906,-5.9028959365984495,-1.3415988579868614,-2.3002537359782735,3.6418525939651416,-0.7577189173011505,2.116780839720422,2.273795615687801,1.5306097612001333,-4.346073627908531,-0.6446584888194021,0.20595041225109578,-0.20595041225109736,0.3920816039972603,-0.06452790049252523,-1.1622934652832992,-0.487005180953992,-12.485780954677319,6.843911210748448,5.641869743928868,-0.03183189302203126,-0.8868387289102929,-3.588988040917985
22,0.8122407068858786,0.20163057722544842,0.734993014110695,0.023013986967970624,-0.004107814394943417,0.19386838581490115,-0.21277455838792517,-0.573393896353571,-0.3622886063782896,-0.9137372666816392,-0.8030583845760587,0.04031809599712194,-0.8329402502047206,-0.951012823778741,0.007374755376683333,-0.8839430800778966,-0.10645317965294453,-0.04031809599711208,-0.251788402255112,-1.0810621689245083,0.5896954029845818,-0.1868240284051089,0.300146802404697,0.24647313929467274,-0.5466199416993729,0.925572691487858,-0.3580171224609965,-0.4458007505406196,0.6937136873732418,-0.15119386842716648,0.28092257519373154,0.3306337545840543,-0.02267948794558175,1.172719849101253,-0.25824308724815515,-0.007158737553046701,0.1804267701990155,-0.18042677019901937,1.6131716823956694,2.289276321592654,-0.547495228127325,0.547495228127324,0.3310707837532935,0.08749405731716493,-0.5412213118688002,2.2676142840206426,-2.137229520189651,1.5179912624900822,-0.04847571996632488,-11.274540230738683,-10.005820666720806,-14.250199905183047,-11.995422135484658,-7.765352888864018,8.713162104619643,7.474045313631823,10.235698248321876,2.51995640687545,2.00209064934437,2.1869817236568316,-0.38568145619886635,-0.08284645528210353,0.4685279114809722,-0.44289249178271833,0.025392347193388745,-0.31457314670218256,-0.7597901245141747,-0.017624759939480695,-0.8548814257224295,-0.19657397189270107,0.1965739718927012,-1.3631383108767263,-0.5955336833767266,-0.4517000712591608,-0.401725718493624,-0.13210496012169437,0.32512671176123015,-0.19302175163953758,-0.756174986901776,-1.5241805580623529,-1.804325713620314
23,8.521080494060648,-1.1074967757923897,22.5822627871406,-0.6750140166927316,0.3478680144607475,-0.11988322809332469,0.4470292303251725,-12.241172567598246,-12.216917536598444,-7.717460900165586,-11.819905020687276,1.1158516139543229,-17.557896510742143,-18.015619971598788,-60.72357557132942,-11.423626711648078,-2.34546031374441,-1.1158516139543777,-59.30634892845976,-15.127576036186827,0.09486278121767562,-20.820898039376,-6.880608859681746,3.379179074182717,3.501429785499039,-24.419769645000134,-27.666472832432223,-23.083561617450577,-8.973123517985952,-17.52801581661231,-1.0608256473502145,3.449563053079314,2.284326255839177,-0.93965530719378,-1.2235006084890467,11.174664447463222,3.6900605452170283,-3.6900605452170314,-10.006367613109118,-15.3250908201852,-1.879268539619485,1.8792685396194897,-52.41516533201565,-52.106448780754114,-56.074102665290745,-49.46398901084206,-62.67935595453336,-53.39578400109781,-58.68020373569455,5.488055476040729,7.008421572095691,1.877983244843972,0.9727049235453207,4.1483216028031515,-2.178081890364018,-9.103034033158956,-5.689496766119041,14.06440670009773,16.238582979038302,15.821517341860059,-0.6607069691310536,4.271142633803793,-3.6104356646727576,10.535741620453887,12.083356033708746,13.72225779794431,12.89891439097755,7.358042197077569,3.5771735129161284,0.4956476552322942,-0.49564765523230386,3.465840471907719,8.791832815876825,11.959787162645636,11.565691469403099,0.0035371718104805394,-0.048797363922978176,0.045260192112481404,13.57616650380095,5.894786758814422,6.575811956850986
24,-1.9171832983383388,-3.5042748045501906,-2.0174572257747627,0.14679681242971956,-0.16268763925914967,0.2334195888064414,-0.2175287619770026,-3.23656495284865,-2.8590246069438034,-2.304507970957208,-3.1369208130440063,0.14477150361610985,0.2967120819008095,0.32724011293118715,2.2658650153781155,0.4111400023720245,0.3063906172233143,-0.144771503616113,1.9996639650233958,0.9689075927499934,0.2840143264464345,-1.3281406238106976,0.9600672927428056,0.43128934486439163,-1.3913566376071898,0.5304458479305637,-0.12789120746438118,-1.8259580095434549,-1.320172513734751,0.4095094715005928,0.6284415987627492,0.7147438345212572,0.3214924418256828,-0.39790091670332406,-0.9499340405884397,-1.5127120633489426,-0.3282765789483839,0.328276578948382,-10.229070865080132,-10.66504310490398,-0.5539530936546732,0.5539530936546759,-3.0949309108409166,-3.1474470376433312,-9.991242599750954,-5.457099895678847,-8.544686989182662,-5.077619334479914,-9.05083305876711,-2.3571914923957746,-3.234015837350065,-1.8363396040287847,-2.130800836650908,-2.2902977835164067,-2.103567546911863,2.9807605518327023,-2.493512210796801,-1.4714890704919927,-0.5157770564086253,-0.42396808968432564,-0.679771644841222,0.7864325744935137,-0.10666092965228682,-20.270559899743212,-4.7204325833853025,-4.953228509200323,-5.980749774112224,-1.817150045054244,-3.3808390939830484,-0.2022684047214591,0.20226840472145896,-22.29491331741484,-22.030359083699018,-20.60864853189145,-21.09929489986807,-0.46432461530208047,0.24308303740904433,0.22124157789302704,-0.6220414193493887,-1.2732002182716229,-0.8150358405570731
25,-0.06918105769757515,-6.351792566921953,-26.166403218878852,0.8478782398639396,-0.04553396319502056,-0.1162443853235106,-0.6860998913454566,-3.0942762236584436,-3.6325115022877768,1.0104221190606932,-2.9794469770478713,-0.30028455691777917,1.1012939961313624,0.5175497525763924,10.414133907483341,2.270530531215475,0.9586936506913023,0.30028455691777706,4.911824083440343,2.0531545845341688,0.9578434136616789,0.20328373092840077,-1.312234091195669,1.111397219342984,0.2008368718526798,1.0115879687335068,-2.6148926008882905,-2.1526552279014832,0.15946016014468437,2.2660814730654755,-0.03607498791647208,1.9098020699442066,-0.06363986809881245,1.9754675117293987,0.09971485601529058,1.410890951208728,-0.143520726926848,0.14352072692685075,0.09016022879031703,-3.1699082865858887,-0.29733494981952585,0.2973349498195239,-1.3953899385090955,-1.3540108294384503,-9.187350520404308,-0.008392243098955551,-9.667318572186549,0.28471459740743515,-4.179175358445793,8.241863259052803,9.27701852307948,4.0633129759083095,3.370793246674873,2.97096383243648,3.5137195588393006,4.0302562177837205,3.2798050471535376,0.05485910224758524,-0.24689591724016627,0.24324122897854172,-1.8320578710945994,2.7567077501086863,-0.9246498790140896,-0.826161841026884,-3.398511167369841,0.7670455829095892,2.8155813748893657,-2.9748187242145456,-2.1174024928056023,-0.6753712838620581,0.6753712838620596,-0.3256013848972579,-1.0817723548658482,-0.788357464694522,-1.293784445701945,0.047377111913558215,-0.12150772644311054,0.07413061452955717,-0.054293385032761696,-0.41074486078761935,0.03598772659932132
26,-1.367044856813816,-1.1968617259905618,1.3664790106378022,-0.7120916570007323,0.3394937446924506,-0.3502608001206901,0.7228587124289819,2.5222767701625886,3.116257118416728,-0.6336025099148784,2.2587236852807315,0.4193021774519483,0.1624454935862131,0.23594225253591217,6.691579421604737,4.026691859415255,-0.706526533796681,-0.4193021774519384,5.004268249557758,2.2549389913325246,-0.7777613913578678,-1.0749625842465462,1.4404271564028819,-1.3902647884720583,-0.05016236793081832,0.011597184445637603,-2.2429990750675484,-2.275841462690816,1.9056535487475963,-1.1777402617112098,-0.5751822472927486,-0.22414960271431003,0.5258718006896942,-0.7939820022958903,0.0493104466030485,1.60628274963201,-11.408394889751408,11.408394889751408,-20.13486644254601,-21.307781365160608,-0.07226294225613185,0.07226294225613308,-6.894569144763256,-9.289265632550922,29.909550616523514,-0.7080647893746413,26.864495946118662,-0.643785376597559,1.8810874509139959,-6.559231796375916,-6.520411997710596,-8.120455590740864,-9.209072883610197,-8.88289007766086,-8.099740175972777,-7.22904780480003,-8.624934476008075,2.7414803133003316,2.653847767509832,2.148186017424327,0.815936431223118,-0.6215309015805214,-0.19440552964259772,-0.3736143991386781,-3.4757083686664907,0.09161244395997166,2.394400903188905,-1.8388360523461271,-1.1962321246283056,-0.054415208508758986,0.054415208508759944,0.7004832171369706,-0.8796205782134977,1.8393494838262052,-0.8295175275761336,-0.6643863543125671,0.14811745629075904,0.516268898021805,2.2742858803956394,-0.3894917188069192,-0.6868189787775962
27,6.596175880197093,5.870559713547175,8.90914996215557,0.07080145308912884,-0.15340069958575286,-0.020107853103638603,0.10270709960024041,-0.8735148400476318,-0.8111332248065481,-0.4220816604396255,-1.0897130597359068,-0.013458305784322779,0.8520680420151707,2.8155241408587703,-8.403156823603972,0.12828371981308648,-0.6980615675390197,0.013458305784312296,-7.037621204138932,-0.3898047190175759,0.4547724241805048,0.18783428051367418,-3.049312948310688,2.4652418259908035,0.5840711223198876,-5.854942128224931,-4.525984512124964,-5.216489776263571,-5.5812787182440236,-1.7409705648428981,3.935384001881519,5.070403738095677,5.126091074435584,5.6004902973265525,-9.061475076317107,-0.1430125467658866,0.10634985163073855,-0.10634985163074048,-2.4538558901971816,-2.7645911532024012,-0.29312359080303163,0.2931235908030301,-8.435679009643176,-8.255563062692257,-12.864103517944374,-5.943655119884601,-11.299386904904763,-8.749795512726761,-8.160168730716045,-4.816831608167345,-5.270872087629363,-0.1030382482282792,0.0584131572574299,0.01694231236529727,0.15567836167594226,1.1230009693215153,0.3795535392737938,-4.030746955674933,-1.207224829229424,-2.1989802092390973,1.2303707342198338,-4.462247212405779,3.23187647818594,-0.8294123917028058,-1.5190294520302217,-6.721271833211201,-7.397936061293655,-3.3016354674496267,-5.804313253856034,-1.3925128813122392,1.3925128813122367,-1.7847660096902271,-1.7003687159105911,-1.6735147479295478,-0.35820055757109104,-0.42138278069491214,-0.09911689366944287,0.5204996743643453,-0.4855069649617041,3.737641135989315,3.226391833248644
28,-1.9982126482556035,-3.0971060872924046,-4.895857389313667,0.3170281436129167,0.010839597688606172,0.23461645759438754,-0.5624841988959102,-0.774671496501172,-1.5612414116761402,-1.121070667259213,-1.1438248825270718,0.2167855681270479,-0.9524302625824954,-1.6397045146124254,0.8050807212348989,-0.8810926829953343,-1.2203422619566817,-0.21678556812704386,-0.5954034377551553,-1.5350203934394004,0.16336944186296173,1.6079790102954354,-0.4567600124656912,0.8447208811488659,-0.38796086868316587,2.309036085339008,-0.3694037945538873,0.6028096791494552,1.1664436247977763,1.4187482609146402,0.17271067129189757,-0.22198268629991944,-0.39176463434877895,0.5554795591171842,0.2190539630568731,0.40884522868482004,0.3179753976167804,-0.31797539761678384,0.7605656027832068,1.3613588195664352,-0.11915592481893865,0.11915592481894302,-1.0731968408894539,-1.895099225254022,-4.0216587536717325,-3.2630072421956284,-3.4015942330631295,-2.4204316488905584,-2.1875041336708874,-2.585126865044476,-2.7728009709268573,-3.954846787871974,-4.0120797690320815,-4.208543785732258,-3.4593411191681436,-3.3323335456380865,-3.8531384542984206,0.20037660111950015,-1.6853230178796386,-1.2118015094964774,-0.10477717554819684,0.438914809952569,-0.33413763440437544,-2.2810840297526807,-1.9426510562313837,-1.0149576547112764,-0.7771227623848327,-1.8188941815503221,-0.06758725212767756,-0.17355025119850193,0.1735502511985014,-1.1849000378310846,-1.7288572473006147,-1.3519583496706298,-2.3298790404038185,2.9662741888601523,-1.4400994833316612,-1.5261747055284938,0.7646419669886617,8.560283986936094,-12.471550075324682
29,1.621042960053878,2.644998620815089,2.532082177695569,0.0484941050303052,-0.21313047451612643,0.10373134803950863,0.06090502144627106,0.022950649180172845,-0.2839530453713125,0.2623606616139073,0.06372201762300225,0.22360210819078197,-2.2016769916154946,-1.865744301892423,0.3064002470480042,0.06757542764700546,-0.9391858808960114,-0.22360210819077395,-0.03570322295034487,0.24175792018861725,-0.08347952786072334,-1.7753896313363884,0.879968275117595,-0.6553053692474426,-0.2246629058701357,-3.160025429419798,-4.54791142533417,-4.065762875616955,-0.06881036111324214,-1.9615939596419043,-1.022597949745046,-2.0753997939502007,1.075657711132972,-2.3415825761279554,-0.05305976138793487,1.333859286769259,0.8169876583167678,-0.8169876583167641,-3.966078989131993,-6.469568253342633,-0.9202759905200906,0.9202759905200906,-3.424589710249512,-2.930961880554171,-0.8069286019386008,-2.160497911506816,-1.690192846144568,-1.7523288712474394,-1.1358531764913022,-9.826696383360012,-9.016967603141708,-12.78564125377088,-12.89338984386077,-12.777661411236046,-11.718741448892231,-10.523889563414967,-10.716274572261366,1.491257009619178,0.491190759213514,0.461052429797307,0.4855750917006445,0.6052922997499904,-1.0908673914506433,-1.4628558961966918,-3.088182328916871,-4.369818600362142,-6.434919533263711,-1.4871375217598142,-0.8406673025354217,-0.15478402656505386,0.15478402656505766,-0.731216645485566,-1.4177541670870526,-1.402948043540113,-1.5916882899373237,1.2632761993921766,-0.46318366666214855,-0.8000925327300346,-41.62900632462657,-44.52650745828606,-43.91567441152434
30,9.529257717300538,8.120784169293234,7.969506996768604,0.2860351111358808,-0.3060132887531989,0.6998140897122753,-0.6798359120949891,-3.588487791553124,-3.7405710093071014,0.7655058329835118,-3.2602223943207953,0.6506310669206866,8.572222263108875,9.591239458925038,-4.636278422713385,1.1635293908648108,0.4999670302649429,-0.6506310669206746,-4.196036746618054,1.5971537008042196,0.1865347549642845,3.490857049006271,0.8577253357127149,-1.358175936283349,0.5004506005706698,-24.567632745763657,-24.369790165547332,-19.332814270972246,0.009823710586587134,3.0647430204980153,-4.013344194411369,-4.303379091927458,-0.8920285726981487,-5.445504859939154,4.905372767109507,2.262959936327968,-1.1648948623446855,1.16489486234469,-3.8122472305333748,-0.5382787365542152,-0.3315171778833676,0.3315171778833685,-0.7890316298206964,-2.489204243397599,-5.247444099291484,-6.1871229378707095,-6.818141418953461,-6.743424596408464,-9.576263637585967,-22.634574175254343,-24.618130658091072,-15.802411926351086,-14.230270906422163,-13.046286704064554,-10.879973492283764,1.3249616183455273,-13.035587048960094,-24.09881942292645,-23.466089862454158,-23.714347713295684,0.7151912473336738,-0.05324277266856885,-0.6619484746651142,-0.9380168246310185,-2.8197119589198136,-4.5993033737608044,-1.1126754570396877,-1.5649709417088788,-5.789836476415282,1.075524033452207,-1.0755240334522014,1.5917618969218443,0.7776802129686261,0.5528889850634845,-2.3684449970493855,-1.044541317074285,1.4656315992989812,-0.4210902822247078,-15.252203786223568,-12.482940772359925,-12.859047290524693
31,-22.191679413691148,-22.215416547778382,-18.709222120704,0.4770729636941966,0.0696271876276557,-0.27896739523008857,-0.26773275609174235,-8.022936524268323,-7.429002051744426,-6.179142102792417,-7.248827879444159,-0.3407331677819269,-7.4113751755110515,-8.179823648482136,-9.299514520669032,-3.380936529719035,-0.03265291463440221,0.34073316778193513,-10.21647963876618,-5.3845235619025535,-0.3830083749878613,-0.42425530209571505,1.0431102070602085,-1.043779194626461,0.0006689875662426331,-1.7188858603484416,-1.9679251238404583,-0.7172063543002051,0.9542559977962086,1.8132620771052044,0.048951638469647854,1.5227063873049063,0.10497090673224894,2.9337791377363756,-0.15392254520186793,-0.46450857952868224,-0.7208366419659024,0.7208366419659036,6.72903056222568,4.65697274799864,1.5780939668952596,-1.5780939668952616,30.241957031971054,30.885883044697763,3.0580753488436985,44.55153584620183,4.277935941299995,47.13774531039954,24.22648785118554,3.2321858053317607,1.2212512766425376,4.608881359263751,4.410939559032093,5.138896073258099,3.4528842504487227,-1.6754686905940215,4.14309038488126,-1.4894039500146246,-1.6405284985138449,-1.983180525610771,-0.1574693906797781,-0.4514746194475591,0.6089440101273564,0.4685042953083606,4.493297072217985,10.881769274658238,10.762893736965434,0.5319054767289447,-0.08874267571837517,-0.5773403317956214,0.5773403317956245,-0.13892834632293083,1.6911981507975558,0.7629145261708327,3.6035320206738377,1.581942303734282,-0.828307790107431,-0.753634513626847,-0.6818697551550785,3.465280753402275,2.7175445953998074
32,-6.377755545833525,-7.018348128463282,-6.730464539522294,0.5899349488930862,-0.3711675402569872,0.09937361956701704,-0.31814102820308493,0.06299067881699907,-0.00316758471267109,0.27269857198238623,-0.7158024104539774,-0.6437666315495635,-7.463437066186628,-6.701215727634441,5.254251562704028,0.8742876449340469,0.8769668423810603,0.6437666315495748,2.137120616981706,-1.0614897316238916,0.748448772321979,1.2940610975462095,3.7931484405897082,-2.548808648531244,-1.2443397920584882,8.275698045496156,1.4453256748932097,7.091538013339333,4.894452021859898,-2.5242331265632822,-0.9443531211522094,0.7165700726441776,0.027504551599510388,-0.25835023514039257,0.9168485695527225,-2.0023166193264395,-0.10602212248787142,0.10602212248787726,-5.830174822554807,-6.651589451193315,1.7229194978795004,-1.7229194978794988,13.100856692757253,9.515940664025472,33.46393111120222,7.262557864620434,39.87235949594283,7.215869276427978,8.194171549474609,32.20927006477643,16.1006239980534,11.351745167645097,-0.9135961545172886,-1.2596649939192759,0.06962986871335998,17.184779869348578,15.30567393837609,12.09571368053183,9.670182481841671,18.384426752562273,-0.2790192328200522,-2.6134349933726755,2.8924542261927355,2.4884875598168397,1.855177621947291,8.72728207304663,15.79225419998585,2.1121190715895297,-1.094525525938915,0.7918146120629719,-0.7918146120629715,2.5060541706374524,1.3009713585401999,2.846147459335255,1.7928252622610907,-0.3686668936185918,0.3095142102688035,0.05915268334979826,-0.029001636029472932,-2.86139152204586,-3.0674139635461906
33,1.9199300057705133,-0.6489181924349109,3.5157614381788265,-0.2430139349023932,0.3449473702091767,0.11342154223175663,-0.21535497753853364,-2.0500930168678075,-2.4604772193971365,-0.9112179459199363,-2.4538232010177956,0.20365397245992675,-3.3599730369452523,-2.4532137677127626,-5.293161455183841,-1.6712536802098032,1.591369839387044,-0.20365397245992856,-4.257221575163654,-1.0199766694534191,0.5252291990218944,-0.17931720489634936,-1.4388122622057458,-0.06936631147314443,1.5081785736788884,-3.2428992329621797,1.2134740471354721,-5.075649162389832,-4.015591378149448,0.8562606396757635,0.5587573820846794,0.8227017843774593,-0.6351598246436579,-1.5071908212028875,0.07640244255897288,1.7665793160807002,0.7540497366860406,-0.7540497366860421,-11.997047234925647,-10.883884916312372,-0.6457839638490906,0.6457839638490883,-2.5043519673024077,-4.576751230370362,0.4027445812954769,-2.6613734198981467,0.43954797970984205,-2.3009128654862785,-1.6600990972124727,-4.354087743025537,-5.042457017550582,-3.918744043377941,-3.4593093291097605,-2.811275252059104,-3.4099178564578225,-2.818598191068893,-2.5711820625909843,4.938794439658352,4.70899095214961,4.429021257371803,0.5393207775706261,0.3210386080907122,-0.8603593856613424,-8.348980753027512,-4.74088554593742,-0.012406540578838748,-1.6760928526250998,-5.053426281969709,-1.443052581567462,-1.0550404616616185,1.0550404616616178,3.228101543029269,5.827597155676907,-0.5899465463222613,-4.944339673102709,1.1851308611489138,-0.30678425529599684,-0.8783466058529209,5.615129538894246,-1.4529580336346233,-1.0916359094494397
34,-4.4783700829532105,-4.9558420439927,-4.95389006378568,-0.24413389268816388,0.12699627441142503,0.19075815708479316,-0.07362053880806585,-5.359097143031106,-4.961598641375525,-2.759874245773819,-4.65335374780213,0.36991347311434913,-6.729344854148784,-7.081698952265677,-14.679740096446103,-4.801054155915776,-0.5326918609989645,-0.36991347311435513,-14.373903913983659,-7.318794108239319,-0.35662357075530304,-0.8132619289858425,1.408448649964572,1.1121880524268937,-2.520636702391468,3.936202307834066,1.356218428495707,3.3387303541467315,0.7356471367001491,2.764757826030193,-0.9215298608948314,-2.250448164925613,2.2255901637583575,-2.2102439634036175,-1.304060302863531,-2.4730682294899626,0.10004089432920077,-0.10004089432920119,-2.9774093630221885,-2.9423207804247693,0.16879451249644464,-0.16879451249644553,-2.747755057406377,-2.9918883903247058,-1.33903935032376,-4.910350502209502,2.6716580864428785,-4.206493013475903,-5.65964557286447,5.3728028164208474,5.138675446431584,1.9975420972083668,2.8937461542817386,3.6701744592259367,3.0799560526667835,0.27816381718501615,2.5178426560120575,1.746517461061995,2.3505709414372764,2.5023505064285168,0.11672810266094455,0.32373834543908375,-0.44046644810002816,-3.955615275681918,-23.22007594044047,0.376811970497778,2.667319459931404,1.6915551933663118,2.1996800521478446,0.793749607293255,-0.7937496072932574,-2.9945634376907035,-3.945277789557511,-3.241407461040703,-3.64737346567554,-1.0931699179055356,0.7018874269227845,0.3912824909827514,0.4694463243184359,-2.5986385187602674,-2.8021651127981766
35,-1.2355467809725218,-1.0576895270228774,1.2424780571648493,-0.01089116569032762,0.29819384956640965,-0.19550058048800723,-0.09180210338822144,-1.6735290218330738,-1.429344553855933,-0.1341151595180546,-1.517102108387282,0.07387054812920467,-3.5495066520851464,-3.552475247157355,-3.743981550258484,-3.8917407431043625,-0.3981604918943846,-0.0738705481292957,-2.8688257202589384,-3.6163159140342636,-0.23459583017232466,1.1641770982979955,0.6786594796318104,-0.23728816501861758,-0.44137131461329276,2.000329549093364,1.7387150305549288,-0.4074010727133348,1.012452992700764,2.3616058170712173,0.16975931781938416,2.611349265844177,0.4408514126535693,2.4085867174230833,-0.6106107304729159,0.793079500861971,-0.18616456418109092,0.18616456418110833,-0.785446097311845,-0.3563767807565459,1.967919403599008,-1.9679194035990082,-4.470528705262267,-2.6793137250636883,-9.718615164200171,1.8597281627411428,-9.715906538743205,1.513916225421464,-1.7233901128092288,97.95385478277666,97.13863620685281,103.07450287538681,103.81463295275935,105.66618348848706,106.25575846661692,103.66717463951677,105.86825153616785,12.728743398001855,11.366542701508376,11.504443205975537,-0.26410709151730294,4.515230715652928,-4.251123624135558,0.3176474832416088,0.26932779491792025,-3.556085331723774,2.1177200857229432,0.46617767530496546,-1.0264642673802378,0.2515085486749649,-0.2515085486749821,0.8464203713898297,0.11120446717613082,0.5785231198454565,0.5519599383910675,-0.03939365841586314,-0.4204619594183928,0.45985561783429785,1.3857333187054217,2.037205088405261,1.8662334344682543
36,-7.694460065258324,-6.279584895638697,-13.383488673550474,-0.6555312503155579,-0.26359948092969,-0.5794318514824759,1.498562582727847,15.170946521466744,15.790367269486064,5.750638064561928,13.212948387057311,0.5166108254203933,50.218728456914725,51.76942480847898,59.463084011969194,33.25410361943272,4.501047401217847,-0.5166108254203482,60.11425617930237,38.778338034862344,3.800150156645829,-2.001608881918132,4.306810949445018,1.7002631173463296,-6.007074066791375,4.009288070992728,0.8418359779875005,-3.5430010171693946,0.6476503533176609,-0.7223364689484031,0.32340890955240015,3.3245305996437597,1.4790164814841429,3.2110624780389547,-1.8024253910364576,-5.599218883756451,-0.5657159013138884,0.565715901313884,6.743636268504299,10.604860008306382,-0.9505384911316441,0.950538491131637,49.85080620814112,51.40921481393607,57.886753204297676,47.92340400846406,60.60353945104775,52.58601890163482,57.94566149805509,13.901958479497946,16.3010429727497,8.114299112552006,9.518204526981883,4.453465219694801,6.439123148960266,13.537071300676109,5.204715372052345,-12.187189320287033,-11.75146787721346,-12.22318334077062,-1.0882157063868008,-2.105808975726964,3.194024682113797,5.034045918058683,3.319926294441241,-2.2478520377025952,-5.076902747286123,2.044788269795672,-1.7278878001893323,0.6551064256318905,-0.6551064256318843,4.255801451827356,0.6369434437349766,2.173530025357373,-2.2063918864352097,-0.7445622892053761,0.7055548717184962,0.03900741748689987,1.4317838038439084,-4.03810766436949,-3.7424981318602084
37,2.4821910646256113,1.0235233348561765,3.2150125130530744,-0.25869552835675774,0.06783027735431606,-0.3869404513958916,0.577805702398328,1.551948887186377,1.2286200929122615,-0.9801349257248835,1.2556284215365638,1.2893754078362858,11.56178431213823,12.769555296942087,-9.236608176742864,2.5383967848560594,-1.2463402743925007,-1.2893754078362785,-8.014565356964443,3.751970611815471,0.46365107175369535,0.709805095030731,-1.2831563110394666,1.219370790039804,0.06378552099967746,6.629954172640469,4.603969458572873,6.350774804862495,3.265341199401613,2.9423714634774893,-3.4624285686996283,-6.248301060244516,5.045587101188102,-11.18551614327771,-1.5831585324884838,9.19705145430013,1.2992578022021553,-1.2992578022021533,-8.82253325576402,-10.704113377003702,-0.20714619598905834,0.20714619598905862,-9.917998206777064,-10.382315382702263,-4.758000462767406,-6.771113718001044,-6.681950913784264,-8.014043064837928,-7.107853137612332,-20.2423843900828,-22.102352354299896,-13.185722157655434,-13.515692409039492,-13.620202164706246,-12.043774328279717,-8.383196190855477,-13.628677691022904,-17.20881575661045,-15.155298261383393,-16.440714393817746,0.09937927413632408,0.009529451970641086,-0.10890872610697971,4.9983477179135205,3.3794455722020813,1.5980130900812646,-2.4851264651314997,3.431634150850625,-2.984344667240421,0.6734829954346044,-0.6734829954346024,1.733148673792587,3.2859897143322376,3.0511441888399373,3.2780629917724258,0.27180366613445966,-0.19440414246674262,-0.07739952366772385,-2.670410506646738,-5.568508301356038,-4.606592609838917
38,0.368321844518921,0.9408072136042612,-0.5009576917963585,-0.012067697193067757,0.4019628683036009,-0.4863214898290407,0.09642631871850087,3.5585459946455416,3.5334210566182507,2.107076333166376,2.914866851120885,-0.6153402803220102,-2.9768551764855733,-3.5435633560745976,-8.733670700231457,-4.007514052109018,0.7152430164730318,0.6153402803220145,-8.22373542379517,-4.30777550022479,0.13947433142251434,-1.3373083908798253,1.4084925691372558,-0.11897857108140299,-1.2895139980558377,1.1753756443713537,-0.6615008108784326,0.05550089546560022,0.5205331586910102,2.715686961091376,-0.6888116742566478,-1.0075578053010736,0.6881320051928538,0.8335224939046015,0.0006796690637963,-0.17230107336552852,-0.370815019742004,0.37081501974200437,7.020654363260198,10.072415787966385,-0.7799788100699372,0.7799788100699314,-6.634121132271211,-6.160594248708616,5.627115767931566,12.317470201494707,-4.429471196242603,10.89851110406323,33.42393797263288,-2.9030400966964436,-4.048194804040786,-3.443224439368289,-4.247780587944209,-4.715701551585006,-5.454016231159008,-8.328055780739966,-5.372707671624301,5.7398381177805025,4.898925808875814,4.37958047436015,0.7223274036776262,1.4503142460434058,-2.1726416497210286,-2.33674681253736,-0.9956409092701446,-1.7388205905540455,-1.6158598109523765,-1.5038110480144187,-2.903255329742044,1.0004679390237794,-1.0004679390237776,-1.5162694028710282,-1.44745692732487,-1.7619850257245115,-1.055494298775489,0.226610011658153,0.40937261184063084,-0.6359826234987874,-0.6303685880603607,0.5875955996335988,0.8835344364032471
39,3.846722636315091,4.487660847993416,6.094416714489571,0.044488934346160885,0.43656792251883353,-0.11913614669299206,-0.36192071017199773,-0.04288695543327207,-0.7887864777379612,-1.1447852858030818,0.587626788768704,-2.9390240071163425,-1.8426155653916783,1.9867421204705211,10.300427162971413,8.943347867925807,-1.4393011967862732,2.939024007116353,8.634303782230708,0.012235425756234658,-6.5641569967378,-1.1010604605051793,1.6442881317180935,-1.8113048624171009,0.16701673069900025,-3.6791826375140566,-4.769908057903393,-3.3216289671031696,-0.9812954188186997,-1.4427246426216254,0.40671888107162196,-2.94061662313338,-1.6415398406574948,-6.40047876400792,1.2348209595858584,2.873804013665172,-0.09792953689547142,0.09792953689545911,-9.421198102681467,-10.074013871725333,-3.501617459321152,3.5016174593211593,-13.59149583964806,-12.924868603681599,-11.899747959764532,-9.185479625907817,-14.421913634181522,-6.538890849027369,-9.582000130971771,-6.055705327740741,-6.037928263166141,-9.041860389893689,-9.176169391850797,-9.361434169304415,-8.600478418627945,-4.825251771146831,-7.9492878203663535,10.17595561224959,11.239201332979063,11.179115672183059,2.8946962179962403,-5.141678881092328,2.246982663096087,3.8012561292178124,-7.804590090302228,-0.5992615609681853,-7.39485164467222,-5.62753991906252,2.1201557014561008,-2.5328446313765056,2.5328446313765083,-6.506928521362266,-1.6031973658032457,-2.3577875099085235,-7.087404981438303,0.9718928655709075,0.5510498521901908,-1.5229427177611097,-0.9453468708584492,-1.6323823280068226,-2.3265386969420323
40,1.0058751317040764,-1.1373129125031343,-0.3202602644572326,-0.15032046764628126,-0.6823492493600207,0.5785896317883027,0.25408008521800296,1.8312606539817922,2.2271071219554757,0.6452784478822813,1.6779474486939256,0.5756206725909719,0.7175487067385289,1.2669702174328143,4.747946561318226,-1.8283492151923995,0.8474755713021854,-0.5756206725909775,5.186633534301309,-1.2885218214574712,1.941534507122562,5.076238783314263,0.7439938705429292,-0.30055438623323655,-0.44343948430970004,6.872948242673591,4.903493991071326,6.697876416445501,5.673267431897117,3.407507659770484,0.02559307008942757,1.4490098796619928,0.6351252593057317,1.9951797693236892,-0.6607183293951406,-3.5713823898044565,-5.52634687643225,5.52634687643225,14.053044446472436,16.406029010887096,3.0356807035264737,-3.0356807035264706,17.617130269785594,18.391594548349417,-10.048155542633921,3.5968521334672103,-7.918736154373095,1.5886273747908286,7.329151253063914,22.94941994556376,21.8869413501514,12.76622388515966,12.200526190693989,11.442014602110943,10.403172457942171,11.14198636972516,11.371979000312612,6.020476204267329,6.347380184766131,5.891870228187134,-1.9414268916421802,-2.160209843455691,4.10163673509788,7.454419640228619,11.95755286185587,12.054647005192363,13.236724659319037,7.997002312366,3.957133064061615,0.45019589513422725,-0.45019589513422914,6.910158386685228,9.0271602497017,4.488831396302692,6.619034220106794,-0.3450660385690363,-0.36618932850862673,0.7112553670776731,8.441777181803658,1.4728385880350614,1.8509640894623454
41,0.2990775282576854,1.3114098777397054,1.1825234338310193,-0.603332267203112,0.3910785836617899,0.13043211104172384,0.0818215724995756,-1.0174418170630755,-0.3428604483034925,-0.14778557607005477,-0.784374057639747,0.3929589134468121,-2.413660314906582,-3.486598969825493,-3.602164276800366,1.0212582883727221,0.3078456799070393,-0.39295891344682116,-1.2166736690306872,-0.7171721908139608,0.3623431187479279,-0.8787315672928236,0.5394512348810905,-1.805352277290698,1.2659010424095931,2.363849248105475,6.0236090158744275,5.308454862866683,3.7617408301847526,-2.4656206914117704,-0.09767724685985923,1.48622086571644,-0.6498558826840889,0.19410040227475892,0.7475331295439412,0.10725626137338762,-0.1974403292256824,0.19744032922568175,-3.9756138333371083,-3.802410266412492,1.2969405184887002,-1.296940518488694,0.21815775706883414,-0.6764193071249196,-9.197377721530442,-1.0311871085545428,-12.294349081967392,0.8778926707573877,-4.928476902566376,2.04664091345497,11.091380093340064,8.468974816424987,0.26158242152413563,-1.5052245715595276,0.8509415490836156,3.8803432968350635,7.729951880497884,-6.764006281535612,-6.561011210056013,-3.144849995319423,0.17778652484859991,-1.5692132610151404,1.3914267361665402,-3.6268345973582954,-9.405889029628216,-8.721037792275757,-7.6625835569169425,-4.432639458308801,-7.833537938632682,1.1067525443562656,-1.1067525443562665,-1.2039883081834974,-3.47564269710383,-1.780734304449065,-5.211473448873365,-0.6212440495461653,0.26444932434906754,0.3567947251970968,-2.7512757453922587,-4.5874576230707875,-4.238642359390464
42,-21.151350283432137,-25.410836905876717,-13.567779746158102,0.5540306534221227,-0.19285826167730447,0.7278727129021092,-1.0890451046469525,-26.95068590685356,-27.571961463387616,-11.788467286243458,-26.433490179285755,1.0822157383512598,-28.129000587147264,-28.435532641094696,-50.29168162599106,-18.425867955573498,-4.069071375640593,-1.0822157383512592,-53.46712589759247,-20.822794415282804,-0.8245493897364065,-4.394458745789976,-5.1208234093562535,0.5972736286468029,4.52354978070948,-5.1887413194879874,-9.89820454307114,-9.028823384074393,-0.385953860215382,-7.540620445275038,-0.16814318973277798,-1.84095388471099,-2.0054034310633355,-11.44084747854046,2.1735466207960528,8.65269333228718,0.44565254576733165,-0.445652545767328,6.516696551222966,2.2166898360636247,0.061538189624145916,-0.06153818962414632,-8.149921419212689,-11.958007816736425,-22.544281170258046,-21.905581492277317,-11.176821019882123,-20.52712024614509,-13.70065333739514,0.5052617409774313,-2.0874152076800683,-18.33138066854963,-18.389603968744915,-14.93412279735113,-16.284197925767167,-8.872754203077092,-17.91311589126598,14.346239130213194,15.991292830768629,15.825066022766263,2.2783132489832707,2.27233695026932,-4.5506501992525985,2.5271521846793896,-1.7698091062704888,4.955869464554208,10.72023709240548,1.5808196219609782,0.6595276943386437,-1.2687072643977233,1.2687072643977215,0.3317154494015097,0.25586090797332717,3.248158790599994,0.9575048500242747,-4.302080323362073,1.4736616500031265,2.828418673358946,-9.595981276537048,4.808962384138792,4.324888383157948
43,-0.15099389862991766,0.8383161412469894,-3.446452918689979,-0.19684534980713017,-0.09088801258086456,-0.14272205830745188,0.43045542069546194,1.399900122377965,2.06425973274533,-0.7445152476798624,1.5923816183472363,0.11453218047562135,1.2307774520077917,1.117447084602705,7.81593508567009,1.2619592349845,0.44376834186273356,-0.11453218047562637,6.735929662452047,1.808970181529665,1.813666738137638,-2.6731250022600084,1.8991677299418508,-1.0971235990369779,-0.8020441309048679,-5.81625437337601,4.446013233941708,4.372222005427532,3.3008709924069186,1.8387322409655498,-0.43814149004047315,1.206155303906267,2.977900860835189,3.072724315331743,-2.539759370794706,1.9715684657490913,-0.060071269503519965,0.06007126950352077,1.5975471738271374,0.9291755929039377,-0.47315489060343474,0.4731548906034377,1.9435923335817897,-0.7163150648277853,2.5598377023135663,-6.337829648972192,1.7609154044259443,4.546647955450921,4.190646778903748,6.084957170260062,4.854889972079702,1.3493203374913272,1.4402678711820789,0.5927409045917804,1.0503103071421347,4.526200223920118,1.1334594724920917,11.72758891090632,12.731663869554685,12.387860638547338,6.204145612691732,-4.379205675563979,-1.8249399371277528,-1.131028591699345,-1.2221211703261206,1.55230114708979,-0.9802376253133519,-0.059630819788634,3.199804716380495,0.297282362693994,-0.29728236269399533,0.011525149686004123,-0.6074538823768536,2.0699345336574027,-0.09528441942910018,0.14084464716092507,0.1711050803552307,-0.311949727516148,1.3041024413307019,1.015276967463073,0.30975412007850217
44,-2.1707839961711257,-2.7263905344019204,-5.156302766880502,-0.04671079985678253,-0.243569682919966,-0.07189687932825166,0.362177362104996,1.049477533331566,0.77768602975439,-0.3705318418943186,0.7898517244894496,-0.1294599599778065,1.3852473618701873,1.4252338211596847,-1.9213398344237371,-0.9518909446841681,-0.48644775044293526,0.12945995997780027,-1.5587921264457938,-0.4827589270852828,-0.6466421832949659,-1.2984170244722697,1.2109136211476006,-0.3989794611360689,-0.811934160011533,-1.4245791694528218,-0.583025546788301,-0.04633314036501168,-0.6281429235083007,-0.4828249434642478,0.19797730328495974,1.0770045489708524,0.7709636091871521,0.21703328079439516,-0.9689409124721164,0.1098436178342774,0.5200123014869259,-0.5200123014869262,-0.9011048912205303,-0.34919852697004544,-0.3270645971706697,0.32706459717066927,1.271853314397251,1.2553419188849082,4.108602447650042,-2.393312251546349,3.7342307686721856,-1.83633666885911,-0.26314765461886175,5.948207941297667,5.989881912996604,7.348273565674603,6.059950182963875,5.534553321820605,5.555384306113612,5.659971774809162,6.626338373840899,16.292174484030856,2.86940805063668,-6.5210434831241475,2.3610515897189512,-3.8665165563759754,1.5054649666570283,2.4240354384563965,2.3754412453273854,2.0151598119602827,0.4109566984588154,3.2821686298904016,-1.9475239557122106,-0.3360706283157836,0.3360706283157796,1.658299115762756,1.2405395732479854,0.7789168987401238,0.9568264560274313,0.18744486032696578,0.5366228570886916,-0.7240677174156566,-0.3810778128636714,0.20716227857441677,0.07336414052958787
45,0.5152959224080235,-0.5441768620639691,-3.009975223782471,0.4126457928779822,-0.1486667438849117,0.4861384561172251,-0.7501175051103124,-2.905855472686095,-3.4958703969909886,-0.11395760918567732,-2.462202225242806,-0.1173256084944837,-1.5473579552750614,-1.197858462802456,-4.404215567746255,2.608308013011795,1.7188212804265584,0.11732560849447407,1.0822551086800518,0.6486526630263972,0.8553717230687248,-2.1267804219503645,0.7068466050752976,0.824859710537761,-1.5317063156130803,-2.1372235765711225,-7.877584808267662,0.061912405325442815,-9.879483666562145,-5.853526536629466,-0.6604818552743004,-2.6186417721318853,-0.30190171098904334,-4.530296757659581,0.9623835662633341,0.9238794050999742,-0.7951291300689904,0.7951291300689953,1.9071741651881333,1.3102892701061917,0.551517438297983,-0.5515174382979895,2.685084755020104,1.8270256661321114,-0.6528616698372561,-8.654536306042782,0.15504504603563823,0.2924313191858897,1.788451499166089,-2.366098604004025,-0.6939379010114486,2.27412219029514,2.9163472239570063,4.188690062015385,5.357787431217282,2.6952983537595383,4.102170496077014,1.6986411432127688,1.3283678580280904,0.6692519010600402,1.985455322297193,1.6203062259003622,-3.605761548197551,-5.155830640835206,0.5838222593222421,4.602418762265051,1.2708259617346653,-0.9835657685079774,1.9839621263629994,0.5636312291704654,-0.5636312291704644,-1.1418673442227114,-0.33475148681975925,-0.23139465943640264,-0.4277775153984721,0.38378407948542514,0.06756273000830759,-0.4513468094937262,-5.567874539058962,0.6645634307063796,0.780564886804152
46,-12.479593418571895,-12.793786228764839,-8.26107936421228,-0.2248608701676051,-0.14036094671217483,-0.16087097258876956,0.5260927894685975,-1.2807471134254893,-0.9131004497957392,-0.9350272550070947,-1.3930684775392987,0.07982537287985894,1.585082351588391,1.820996682804396,6.3261926225633145,1.8820924697328871,0.554830718753794,-0.07982537287984458,6.333570848953961,1.4234641083181219,0.47766565905264774,4.479282183682072,-2.524493049228737,0.9643087733487249,1.560184275880016,-1.2075786608251016,-4.763481279212379,2.2953908391045528,6.718355500744664,4.759380578307616,-0.8326335695926944,-5.827822060715074,1.8502962059308266,-5.989695199806933,-1.0176626363381094,-6.172061859207862,1.2158676941689017,-1.2158676941689053,3.515572434160621,3.9342520565730137,-0.1716596751563338,0.1716596751563299,8.15575263782034,7.333343430151901,16.700426044179824,7.844157483473239,12.795008129375399,10.848396285808889,11.331964886921842,-7.5581255867123796,-3.003784049033039,-5.973567527152045,-6.039261222749572,-7.9413202104649745,-8.614564053293474,-12.006843863359958,-10.11441545783921,10.829013213320636,9.349183974284635,8.978502591118364,-2.6032245817546027,4.373912629702566,-1.7706880479479665,3.4066575306868785,4.734092275192244,5.435795837541803,3.9143880630985755,-1.591616208601974,0.766882386079269,0.41484258911623684,-0.41484258911623256,0.035272034910852366,-0.5786591063983677,-0.9253720903376649,1.4656232454790823,-1.2942403132918245,0.3647326386914073,0.9295076746004177,5.520421245554142,0.4132138505535553,0.18134092116778402
