,Total,Assigned,Unassigned_rRNA,Unassigned_Unmapped,Unassigned_Read_Type,Unassigned_Singleton,Unassigned_MappingQuality,Unassigned_Chimera,Unassigned_FragmentLength,Unassigned_Duplicate,Unassigned_MultiMapping,Unassigned_Secondary,Unassigned_NonSplit,Unassigned_NoFeatures,Unassigned_Overlapping_Length,Unassigned_Ambiguity,percent_assigned,reads_processed,reads_aligned,reads_aligned_percentage,not_aligned,not_aligned_percentage,Filename,File type,Encoding,Total Sequences,Sequences flagged as poor quality,Sequence length,%GC,total_deduplicated_percentage,avg_sequence_length,basic_statistics,per_base_sequence_quality,per_tile_sequence_quality,per_sequence_quality_scores,per_base_sequence_content,per_sequence_gc_content,per_base_n_content,sequence_length_distribution,sequence_duplication_levels,overrepresented_sequences,adapter_content,r_processed,r_with_adapters,r_written,bp_processed,quality_trimmed,bp_written,percent_trimmed,pe_sense,pe_antisense,failed,se_sense,se_antisense
Abaum_0001,6167079.0,4403847.0,330375.0,192365.0,0.0,0.0,0.0,0.0,352417.0,0.0,0.0,0.0,0.0,472040.0,213540.0,202495.0,71.40896038464888,6167079.0,5974714.0,96.88,192365.0,3.12,Abaum_0001_val_2.fq.gz,Conventional base calls,Sanger / Illumina 1.9,6167079.0,0.0,20-51,41.0,26.30448980841199,50.47128243370971,pass,pass,pass,pass,fail,pass,pass,warn,fail,warn,pass,6172690,2144231,6172690.0,314807190,169667,311892133,0.9259817096299484,0.1598,0.8402,0.0,,
Abaum_0002,5730887.0,3956479.0,332288.0,233606.0,0.0,0.0,0.0,0.0,406844.0,0.0,0.0,0.0,0.0,460456.0,153518.0,187696.0,69.03781212227706,5730887.0,5497281.0,95.92,233606.0,4.08,Abaum_0002_val_1.fq.gz,Conventional base calls,Sanger / Illumina 1.9,5730887.0,0.0,20-51,43.0,23.898423879877747,50.52997345786088,pass,pass,pass,pass,fail,pass,pass,warn,fail,warn,pass,5735887,1992953,5735887.0,292530237,155954,289832810,0.9221019432599716,0.1319,0.8681,0.0,,
Abaum_0003,6071002.0,4420932.0,45340.0,221182.0,0.0,0.0,0.0,0.0,322476.0,0.0,0.0,0.0,0.0,655347.0,203769.0,201956.0,72.82046686856634,6071002.0,5849820.0,96.36,221182.0,3.64,Abaum_0003_val_2.fq.gz,Conventional base calls,Sanger / Illumina 1.9,6071002.0,0.0,20-51,42.0,26.677440723753246,50.45634872134781,pass,pass,pass,pass,fail,pass,pass,warn,fail,warn,pass,6075776,2160449,6075776.0,309864576,182657,306949424,0.9407825952973728,0.1465,0.8535,0.0,,
Abaum_0004,5664805.0,4094918.0,116138.0,157106.0,0.0,0.0,0.0,0.0,317658.0,0.0,0.0,0.0,0.0,649397.0,160883.0,168705.0,72.2870072314934,5664805.0,5507699.0,97.23,157106.0,2.77,Abaum_0004_val_1.fq.gz,Conventional base calls,Sanger / Illumina 1.9,5664805.0,0.0,21-51,42.0,24.04177750682552,50.51878537743136,pass,pass,pass,pass,fail,pass,pass,warn,fail,warn,pass,5669326,2011364,5669326.0,289135626,163691,286404708,0.9445110717694816,0.2957,0.7043,0.0,,
Abaum_0005,5583850.0,4054363.0,11765.0,145353.0,0.0,0.0,0.0,0.0,258047.0,0.0,0.0,0.0,0.0,776463.0,168520.0,169339.0,72.6087376988995,5583850.0,5438497.0,97.4,145353.0,2.6,Abaum_0005_val_2.fq.gz,Conventional base calls,Sanger / Illumina 1.9,5583850.0,0.0,20-51,42.0,23.375051759771395,50.472741746286175,pass,pass,pass,pass,fail,warn,pass,warn,fail,fail,pass,5588013,1998346,5588013.0,284988663,158880,282292257,0.9461450050734124,0.3194,0.6806,0.0,,
Abaum_0006,6248401.0,4454507.0,364564.0,139256.0,0.0,0.0,0.0,0.0,252906.0,0.0,0.0,0.0,0.0,683515.0,175511.0,178142.0,71.29035092338025,6248401.0,6109145.0,97.77,139256.0,2.23,Abaum_0006_val_2.fq.gz,Conventional base calls,Sanger / Illumina 1.9,6248401.0,0.0,20-51,43.0,24.09827940032948,50.47822298856939,pass,pass,pass,pass,fail,warn,pass,warn,fail,warn,pass,6253018,2244746,6253018.0,318903918,518471,315455209,1.0814257227156423,0.4092,0.5908,0.0,,
Abaum_0007,5980775.0,4310249.0,107952.0,166882.0,0.0,0.0,0.0,0.0,257437.0,0.0,0.0,0.0,0.0,757409.0,189105.0,191741.0,72.06840250636415,5980775.0,5813893.0,97.21,166882.0,2.79,Abaum_0007_val_2.fq.gz,Conventional base calls,Sanger / Illumina 1.9,5980775.0,0.0,20-51,43.0,23.9343227236637,50.47476472530734,pass,pass,pass,pass,fail,warn,pass,warn,fail,warn,pass,5985587,2109842,5985587.0,305264937,179891,302394321,0.9403687263303352,0.4578,0.5422,0.0,,
Abaum_0008,7026037.0,5342797.0,41484.0,214495.0,0.0,0.0,0.0,0.0,513911.0,0.0,0.0,0.0,0.0,425040.0,214293.0,274017.0,76.04282471043066,7026037.0,6811542.0,96.95,214495.0,3.05,Abaum_0008_val_2.fq.gz,Conventional base calls,Sanger / Illumina 1.9,7026037.0,0.0,20-51,41.0,27.46671401399248,50.46758136912742,pass,pass,pass,pass,fail,pass,pass,warn,fail,warn,pass,7031263,2532372,7031263.0,358594413,662049,354636536,1.103719649976811,0.1761,0.8239,0.0,,
Abaum_0009,6886904.0,5563183.0,31855.0,145244.0,0.0,0.0,0.0,0.0,43328.0,0.0,0.0,0.0,0.0,625874.0,234643.0,242777.0,80.77915707842014,6886904.0,6741660.0,97.89,145244.0,2.11,Abaum_0009_val_2.fq.gz,Conventional base calls,Sanger / Illumina 1.9,6886904.0,0.0,20-40,41.0,24.653705524845023,39.44590747889037,pass,pass,pass,pass,fail,pass,pass,warn,fail,warn,pass,6889504,2403516,6889504.0,275580160,416491,272028523,1.288785448125148,0.1459,0.8541,0.0,,
Abaum_0010,6031205.0,4894121.0,3901.0,100894.0,0.0,0.0,0.0,0.0,65588.0,0.0,0.0,0.0,0.0,495431.0,244456.0,226814.0,81.14665311492479,6031205.0,5930311.0,98.33,100894.0,1.67,Abaum_0010_val_1.fq.gz,Conventional base calls,Sanger / Illumina 1.9,6031205.0,0.0,20-40,41.0,25.985192807739,39.49103769478902,pass,pass,pass,pass,fail,pass,pass,warn,fail,warn,pass,6033115,2110892,6033115.0,241324600,323976,238252923,1.2728403983680072,0.1699,0.8301,0.0,,
Abaum_0011,8211152.0,6675645.0,15478.0,169013.0,0.0,0.0,0.0,0.0,61107.0,0.0,0.0,0.0,0.0,653408.0,347096.0,289405.0,81.29973723540861,8211152.0,8042139.0,97.94,169013.0,2.06,Abaum_0011_val_1.fq.gz,Conventional base calls,Sanger / Illumina 1.9,8211152.0,0.0,20-40,41.0,22.539309869461924,39.49168849876363,pass,pass,pass,pass,fail,pass,pass,warn,fail,warn,pass,8213576,2856649,8213576.0,328543040,436050,324366915,1.2711043886365694,0.1401,0.8599,0.0,,
Abaum_0012,5885252.0,4701529.0,37563.0,144919.0,0.0,0.0,0.0,0.0,51997.0,0.0,0.0,0.0,0.0,506115.0,238578.0,204551.0,79.88662167737253,5885252.0,5740333.0,97.54,144919.0,2.46,Abaum_0012_val_2.fq.gz,Conventional base calls,Sanger / Illumina 1.9,5885252.0,0.0,20-40,39.0,25.93580187445848,39.45038190378254,pass,pass,pass,pass,fail,pass,pass,warn,fail,warn,pass,5887129,2164951,5887129.0,235485160,450807,232197182,1.3962569870644927,0.1327,0.8673,0.0,,
Abaum_0013,10211175.0,8298145.0,11682.0,141279.0,0.0,0.0,0.0,0.0,207705.0,0.0,0.0,0.0,0.0,722135.0,432470.0,397759.0,81.26532940626323,10211175.0,10069896.0,98.62,141279.0,1.38,Abaum_0013_val_2.fq.gz,Conventional base calls,Sanger / Illumina 1.9,10211175.0,0.0,20-40,39.0,17.84133498830002,39.47990030530277,pass,pass,pass,pass,fail,pass,pass,warn,fail,warn,pass,10224760,3593792,10224760.0,408990400,270120,404048258,1.208376040122213,0.1404,0.8596,0.0,,
Abaum_0014,10001291.0,7958716.0,18832.0,153979.0,0.0,0.0,0.0,0.0,196902.0,0.0,0.0,0.0,0.0,970796.0,334977.0,367089.0,79.57688662393684,10001291.0,9847312.0,98.46,153979.0,1.54,Abaum_0014_val_2.fq.gz,Conventional base calls,Sanger / Illumina 1.9,10001291.0,0.0,20-40,41.0,18.48261417661474,39.48133905912746,pass,pass,pass,pass,fail,pass,pass,warn,fail,warn,pass,10013305,3561322,10013305.0,400532200,279313,395620227,1.2263615759232342,0.143,0.857,0.0,,
Abaum_0015,11483339.0,9235857.0,49589.0,231560.0,0.0,0.0,0.0,0.0,225186.0,0.0,0.0,0.0,0.0,901007.0,419346.0,420794.0,80.42832315583472,11483339.0,11251779.0,97.98,231560.0,2.02,Abaum_0015_val_1.fq.gz,Conventional base calls,Sanger / Illumina 1.9,11483339.0,0.0,20-40,41.0,17.984728193551994,39.50995202701932,pass,pass,pass,pass,fail,pass,pass,warn,fail,warn,pass,11497353,4069730,11497353.0,459894120,300970,454258360,1.2254472833877503,0.1347,0.8653,0.0,,
Abaum_0016,7957513.0,6066326.0,344388.0,142414.0,0.0,0.0,0.0,0.0,155345.0,0.0,0.0,0.0,0.0,714063.0,269895.0,265082.0,76.23394394705984,7957513.0,7815099.0,98.21,142414.0,1.79,Abaum_0016_val_2.fq.gz,Conventional base calls,Sanger / Illumina 1.9,7957513.0,0.0,20-40,41.0,20.532689772830967,39.47629014241007,pass,pass,pass,pass,fail,pass,pass,warn,fail,warn,pass,7967297,2924482,7967297.0,318691880,662653,314216405,1.4043266493015134,0.1387,0.8613,0.0,,
Abaum_0017,8140949.0,6546309.0,841.0,361242.0,0.0,0.0,0.0,0.0,89298.0,0.0,0.0,0.0,0.0,757290.0,326707.0,59262.0,80.41211165921811,8140949.0,7779707.0,95.56,361242.0,4.44,Abaum_0017_val_1.fq.gz,Conventional base calls,Sanger / Illumina 1.9,8140949.0,0.0,20-101,40.0,18.101506710137123,99.82202787414587,pass,pass,,pass,fail,warn,pass,warn,fail,warn,pass,8149906,2797253,8149906.0,823140506,295282,819236785,0.4742472240820573,0.0697,0.9303,0.0,,
Abaum_0018,8593535.0,7260427.0,406.0,357678.0,0.0,0.0,0.0,0.0,128702.0,0.0,0.0,0.0,0.0,460659.0,267797.0,117866.0,84.48708244046252,8593535.0,8235857.0,95.84,357678.0,4.16,Abaum_0018_val_2.fq.gz,Conventional base calls,Sanger / Illumina 1.9,8593535.0,0.0,20-101,40.0,19.735463742800512,99.63578922992691,pass,pass,,pass,fail,warn,pass,warn,fail,warn,pass,8605186,3040526,8605186.0,869123786,2840581,862220366,0.7942965215313991,0.021,0.979,0.0,,
Abaum_0019,8999283.0,7671297.0,561.0,318426.0,0.0,0.0,0.0,0.0,136210.0,0.0,0.0,0.0,0.0,457376.0,290695.0,124718.0,85.24342439280997,8999283.0,8680857.0,96.46,318426.0,3.54,Abaum_0019_val_1.fq.gz,Conventional base calls,Sanger / Illumina 1.9,8999283.0,0.0,20-101,41.0,17.368990434170566,99.79952691786669,pass,pass,,pass,fail,warn,pass,warn,fail,warn,pass,9007788,3297483,9007788.0,909786588,357462,905154547,0.5091348961499529,0.03,0.97,0.0,,
Abaum_0020,7197863.0,5806637.0,661.0,275368.0,0.0,0.0,0.0,0.0,111388.0,0.0,0.0,0.0,0.0,492474.0,373800.0,137535.0,80.67167991388554,7197863.0,6922495.0,96.17,275368.0,3.83,Abaum_0020_val_1.fq.gz,Conventional base calls,Sanger / Illumina 1.9,7197863.0,0.0,20-101,42.0,17.623995796500704,99.7811064200583,pass,pass,,pass,fail,pass,pass,warn,fail,warn,pass,7206303,2505437,7206303.0,727836603,2183824,722303376,0.7602292845939763,0.0853,0.9147,0.0,,
Abaum_0021,9039647.0,7473619.0,620.0,422366.0,0.0,0.0,0.0,0.0,101096.0,0.0,0.0,0.0,0.0,569327.0,375674.0,96945.0,82.67600493691845,9039647.0,8617281.0,95.33,422366.0,4.67,Abaum_0021_val_2.fq.gz,Conventional base calls,Sanger / Illumina 1.9,9039647.0,0.0,20-101,39.0,20.133993414489325,99.66696265905072,pass,pass,,pass,fail,warn,pass,warn,fail,warn,pass,9049935,3282578,9049935.0,914043435,298286,909479617,0.4992999047140467,0.0723,0.9277,0.0,,
Abaum_0022,9148310.0,7322636.0,791.0,346454.0,0.0,0.0,0.0,0.0,93920.0,0.0,0.0,0.0,0.0,955902.0,361031.0,67576.0,80.04359275101083,9148310.0,8801856.0,96.21,346454.0,3.79,Abaum_0022_val_1.fq.gz,Conventional base calls,Sanger / Illumina 1.9,9148310.0,0.0,20-101,40.0,17.533892775092845,99.81988585869956,pass,pass,,pass,fail,fail,pass,warn,fail,warn,pass,9157777,3137426,9157777.0,924935477,343635,920528369,0.4764773445921137,0.0926,0.9074,0.0,,
Abaum_0023,8381866.0,6774784.0,520.0,313328.0,0.0,0.0,0.0,0.0,86119.0,0.0,0.0,0.0,0.0,812243.0,336324.0,58548.0,80.82667988249872,8381866.0,8068538.0,96.26,313328.0,3.74,Abaum_0023_val_2.fq.gz,Conventional base calls,Sanger / Illumina 1.9,8381866.0,0.0,20-101,39.0,19.12990353911807,99.65470648182637,pass,pass,,pass,fail,warn,pass,warn,fail,warn,pass,8389953,3184029,8389953.0,847385253,2189386,840941961,0.7603733929979072,0.0713,0.9287,0.0,,
Abaum_0024,8410010.0,6734840.0,826.0,366947.0,0.0,0.0,0.0,0.0,135893.0,0.0,0.0,0.0,0.0,585427.0,422866.0,163211.0,80.08123652647262,8410010.0,8043063.0,95.64,366947.0,4.36,Abaum_0024_val_2.fq.gz,Conventional base calls,Sanger / Illumina 1.9,8410010.0,0.0,20-101,41.0,18.66666289404065,99.62462208725078,pass,pass,,pass,fail,warn,pass,warn,fail,warn,pass,8422941,2922892,8422941.0,850717041,3070971,843751070,0.8188352488874148,0.0724,0.9276,0.0,,
Abaum_0025,8981315.0,7506859.0,668.0,365638.0,0.0,0.0,0.0,0.0,121552.0,0.0,0.0,0.0,0.0,515863.0,358928.0,111807.0,83.58307218931748,8981315.0,8615677.0,95.93,365638.0,4.07,Abaum_0025_val_1.fq.gz,Conventional base calls,Sanger / Illumina 1.9,8981315.0,0.0,20-101,41.0,19.619346094698308,99.8066946766704,pass,pass,,pass,fail,pass,pass,warn,fail,warn,pass,8993692,3266100,8993692.0,908362892,304351,903821201,0.4999864085156839,0.0635,0.9365,0.0,,
Abaum_0026,8841279.0,7092675.0,966.0,423290.0,0.0,0.0,0.0,0.0,109713.0,0.0,0.0,0.0,0.0,804248.0,340932.0,69455.0,80.22227327064331,8841279.0,8417989.0,95.21,423290.0,4.79,Abaum_0026_val_2.fq.gz,Conventional base calls,Sanger / Illumina 1.9,8841279.0,0.0,20-101,39.0,19.329826077817973,99.62272087556563,pass,pass,,pass,warn,warn,pass,warn,fail,warn,pass,8852076,3334213,8852076.0,894059676,2794265,886780036,0.8142230541666885,0.0866,0.9134,0.0,,
ERX1215168,24135754.0,18920148.0,381633.0,2176398.0,0.0,0.0,0.0,0.0,0.0,0.0,0.0,0.0,0.0,2217248.0,424943.0,15384.0,78.39054044054309,24135754.0,21959356.0,90.98,2176398.0,9.02,ERX1215168_trimmed.fq.gz,Conventional base calls,Sanger / Illumina 1.9,24135754.0,0.0,20-37,42.0,25.10390676998389,36.35752187397999,pass,pass,pass,pass,fail,pass,pass,warn,fail,warn,pass,24450008,8950007,24450008.0,904650296,9408594,879387159,2.792585943065894,,,,,
ERX1215169,57706886.0,32696956.0,230544.0,19402582.0,0.0,0.0,0.0,0.0,0.0,0.0,0.0,0.0,0.0,4500086.0,842619.0,34099.0,56.66040617752272,57706886.0,38304304.0,66.38,19402582.0,33.62,ERX1215169_trimmed.fq.gz,Conventional base calls,Sanger / Illumina 1.9,57706886.0,0.0,20-37,43.0,78.95086157580673,36.43174842253661,pass,fail,fail,pass,fail,pass,fail,warn,pass,pass,pass,59076574,21331229,59076574.0,2185833238,23503572,2108583338,3.534116814450234,,,0.0,0.5,0.5
ERX1215170,14304343.0,11741134.0,1832.0,1410092.0,0.0,0.0,0.0,0.0,0.0,0.0,0.0,0.0,0.0,918627.0,222222.0,10436.0,82.08090368079121,14304343.0,12894251.0,90.14,1410092.0,9.86,ERX1215170_trimmed.fq.gz,Conventional base calls,Sanger / Illumina 1.9,14304343.0,0.0,20-37,42.0,25.21758146851084,36.44894365298707,pass,pass,fail,pass,fail,pass,warn,warn,fail,warn,pass,14536963,5417926,14536963.0,537867631,979039,522383002,2.8788921488380104,,,,,
ERX1215171,27309354.0,21171064.0,3049.0,2597283.0,0.0,0.0,0.0,0.0,0.0,0.0,0.0,0.0,0.0,2736551.0,778132.0,23275.0,77.52312266339219,27309354.0,24712071.0,90.49,2597283.0,9.51,ERX1215171_trimmed.fq.gz,Conventional base calls,Sanger / Illumina 1.9,27309354.0,0.0,20-37,42.0,8.749133251732259,36.47024162490259,pass,pass,fail,pass,fail,pass,warn,warn,fail,warn,pass,27550716,10157595,27550716.0,1019376492,1834694,996428030,2.2512253500152326,,,,,
ERX1215172,31903213.0,1401358.0,951.0,5096387.0,0.0,0.0,0.0,0.0,0.0,0.0,0.0,0.0,0.0,25363593.0,40544.0,380.0,4.392529366869725,31903213.0,26806826.0,84.03,5096387.0,15.97,ERX1215172_trimmed.fq.gz,Conventional base calls,Sanger / Illumina 1.9,31903213.0,0.0,20-37,42.0,20.46711260437532,36.39345836420927,pass,pass,fail,pass,fail,pass,warn,warn,fail,warn,pass,32717426,12721572,32717426.0,1210544762,2705083,1164090772,3.837445046084136,,,0.0,0.0,1.0
ERX1215173,18168221.0,14514285.0,1179.0,1966173.0,0.0,0.0,0.0,0.0,0.0,0.0,0.0,0.0,0.0,1196100.0,474762.0,15722.0,79.88831157436933,18168221.0,16202048.0,89.18,1966173.0,10.82,ERX1215173_trimmed.fq.gz,Conventional base calls,Sanger / Illumina 1.9,18168221.0,0.0,20-37,43.0,20.085209659367923,36.47846935591547,pass,pass,pass,pass,fail,pass,pass,warn,fail,warn,pass,18311222,6682450,18311222.0,677515214,1034412,663161420,2.1185936054861787,,,,,
ERX1221046,3176088.0,2276500.0,159441.0,503308.0,0.0,0.0,0.0,0.0,5442.0,0.0,0.0,0.0,0.0,124825.0,105094.0,1478.0,71.67622559576434,3176088.0,2672780.0,84.15,503308.0,15.85,ERX1221046_val_1.fq.gz,Conventional base calls,Sanger / Illumina 1.9,3176088.0,0.0,20-201,42.0,33.22811969290494,132.2348593615794,pass,pass,pass,pass,fail,warn,pass,warn,fail,warn,pass,3183038,2862007,3183038.0,639790638,44800205,419983711,34.35607118089777,,,,,
ERX1221047,,,,,,,,,,,,,,,,,,,,,,,,,,,,,,,,,,,,,,,,,,,4479299,0,4479299.0,900339099,900339099,0,100.0,,,,,
ERX1221048,5496395.0,4057835.0,307400.0,773954.0,0.0,0.0,0.0,0.0,4079.0,0.0,0.0,0.0,0.0,185173.0,165675.0,2279.0,73.82720856124787,5496395.0,4722441.0,85.92,773954.0,14.08,ERX1221048_val_1.fq.gz,Conventional base calls,Sanger / Illumina 1.9,5496395.0,0.0,20-201,42.0,25.85648690866979,134.6621421859237,pass,pass,pass,pass,fail,warn,pass,warn,fail,warn,pass,5510363,5072979,5510363.0,1107582963,63062872,740415260,33.150356701541284,,,,,
ERX1221049,2135809.0,1492582.0,168973.0,335441.0,0.0,0.0,0.0,0.0,956.0,0.0,0.0,0.0,0.0,76661.0,60358.0,838.0,69.88368341925705,2135809.0,1800368.0,84.29,335441.0,15.71,ERX1221049_val_1.fq.gz,Conventional base calls,Sanger / Illumina 1.9,2135809.0,0.0,22-201,43.0,33.547889189501674,143.78760553963392,pass,pass,pass,pass,fail,warn,pass,warn,fail,warn,pass,2140690,1903455,2140690.0,430278690,18590617,307395669,28.558937232053022,,,,,
ERX1221050,5858262.0,3932803.0,585892.0,1003776.0,0.0,0.0,0.0,0.0,3096.0,0.0,0.0,0.0,0.0,167753.0,162674.0,2268.0,67.13258983637127,5858262.0,4854486.0,82.87,1003776.0,17.13,ERX1221050_val_2.fq.gz,Conventional base calls,Sanger / Illumina 1.9,5858262.0,0.0,20-201,44.0,27.283786968539964,137.19017210223782,pass,pass,pass,pass,fail,warn,pass,warn,fail,warn,pass,5870390,5362097,5870390.0,1179948390,61591133,803739698,31.883487039632307,,,,,
ERX1221051,,,,,,,,,,,,,,,,,,,,,,,,,,,,,,,,,,,,,,,,,,,2505448,0,2505448.0,503595048,503595048,0,100.0,,,,,
ERX1221052,4971338.0,2939912.0,637249.0,1094951.0,0.0,0.0,0.0,0.0,7616.0,0.0,0.0,0.0,0.0,165326.0,124536.0,1748.0,59.137238304858776,4971338.0,3876387.0,77.97,1094951.0,22.03,ERX1221052_val_1.fq.gz,Conventional base calls,Sanger / Illumina 1.9,4971338.0,0.0,20-201,44.0,25.60493676951775,134.65582062615738,pass,pass,pass,pass,fail,warn,pass,warn,fail,warn,pass,4977604,4582259,4977604.0,1000498404,38405133,669982242,33.03515134842734,,,,,
ERX1221053,3135563.0,2024263.0,288956.0,618728.0,0.0,0.0,0.0,0.0,3265.0,0.0,0.0,0.0,0.0,117892.0,81267.0,1192.0,64.55819895820942,3135563.0,2516835.0,80.27,618728.0,19.73,ERX1221053_val_2.fq.gz,Conventional base calls,Sanger / Illumina 1.9,3135563.0,0.0,20-201,43.0,34.72115325632091,133.70977843532407,pass,pass,pass,pass,fail,warn,pass,warn,fail,warn,pass,3141059,2887693,3141059.0,631352859,38264432,419251339,33.59476669448328,,,,,
SRX1464764,4158290.0,1427509.0,22651.0,2087975.0,0.0,0.0,0.0,0.0,0.0,0.0,0.0,0.0,0.0,601101.0,18175.0,879.0,34.32923148698143,4158290.0,2070315.0,49.79,2087975.0,50.21,SRX1464764_trimmed.fq.gz,Conventional base calls,Sanger / Illumina 1.9,4158290.0,0.0,20-323,45.0,46.69513911233007,122.17062013471885,pass,warn,,pass,fail,warn,pass,warn,fail,fail,pass,4273230,1311039,4273230.0,526809883,14346064,510722902,3.0536596823867863,,,0.0,0.4522,0.5478
SRX1928979,21744559.0,16677409.0,230835.0,962100.0,0.0,0.0,0.0,0.0,0.0,0.0,0.0,0.0,0.0,3435109.0,433640.0,5466.0,76.69692910304595,21744559.0,20782459.0,95.58,962100.0,4.42,SRX1928979_trimmed.fq.gz,Conventional base calls,Sanger / Illumina 1.9,21744559.0,0.0,20-126,42.0,14.31810985931626,119.85776083111182,pass,pass,pass,pass,fail,pass,pass,warn,fail,warn,pass,21889610,11760243,21889610.0,2758090860,9252373,2604401597,5.572306018953996,,,0.0,0.2225,0.7775
SRX1928980,19707504.0,15895614.0,322389.0,880150.0,0.0,0.0,0.0,0.0,0.0,0.0,0.0,0.0,0.0,2206552.0,397029.0,5770.0,80.65767232623675,19707504.0,18827354.0,95.53,880150.0,4.47,SRX1928980_trimmed.fq.gz,Conventional base calls,Sanger / Illumina 1.9,19707504.0,0.0,20-126,42.0,14.527839535201284,121.02976414466286,pass,pass,pass,pass,fail,pass,pass,warn,fail,warn,pass,20605212,10781538,20605212.0,2596256712,33773736,2383308521,8.202123850686457,,,,,
SRX1928983,33057151.0,24095314.0,2145000.0,1012738.0,0.0,0.0,0.0,0.0,0.0,0.0,0.0,0.0,0.0,5196641.0,596979.0,10479.0,72.88986882142385,33057151.0,32044413.0,96.94,1012738.0,3.06,SRX1928983_trimmed.fq.gz,Conventional base calls,Sanger / Illumina 1.9,33057151.0,0.0,20-126,42.0,12.814731459048948,116.08590764521723,pass,pass,pass,pass,fail,pass,pass,warn,fail,fail,pass,33081462,20895358,33081462.0,4168264212,10595555,3835066373,7.993683270862678,,,0.0,0.212,0.7879999999999999
SRX1928984,39515286.0,28339671.0,3353074.0,1538321.0,0.0,0.0,0.0,0.0,0.0,0.0,0.0,0.0,0.0,5349166.0,922973.0,12081.0,71.71824847731078,39515286.0,37976965.0,96.11,1538321.0,3.89,SRX1928984_trimmed.fq.gz,Conventional base calls,Sanger / Illumina 1.9,39515286.0,0.0,20-126,41.0,11.33167141109046,118.51314901276432,pass,pass,pass,pass,fail,pass,pass,warn,fail,fail,pass,39896933,22116072,39896933.0,5027013558,21276992,4678956508,6.923734061669703,,,,,
SRX2568047,19110287.0,13930957.0,1736.0,406418.0,0.0,0.0,0.0,0.0,0.0,0.0,0.0,0.0,0.0,3404294.0,1361130.0,5752.0,72.89768594265486,19110287.0,18703869.0,97.87,406418.0,2.13,SRX2568047_trimmed.fq.gz,Conventional base calls,Sanger / Illumina 1.9,19110287.0,0.0,20-100,41.0,17.769931769674272,98.31510620431813,pass,pass,,pass,fail,pass,pass,warn,fail,warn,pass,19114714,7733572,19114714.0,1911471400,999475,1884920700,1.3890189515783495,,,0.0,0.6729999999999999,0.327
SRX2568048,41768859.0,28955639.0,9434.0,456354.0,0.0,0.0,0.0,0.0,0.0,0.0,0.0,0.0,0.0,8549170.0,3784515.0,13747.0,69.32350965105368,41768859.0,41312505.0,98.91,456354.0,1.09,SRX2568048_trimmed.fq.gz,Conventional base calls,Sanger / Illumina 1.9,41768859.0,0.0,20-100,41.0,12.582978066872087,98.0058764353606,pass,pass,,pass,fail,pass,pass,warn,fail,fail,pass,41915939,17391557,41915939.0,4191593900,4476575,4106948969,2.019397227388846,,,0.0,0.6775,0.3225
SRX2568049,24506239.0,19063935.0,3527.0,336175.0,0.0,0.0,0.0,0.0,0.0,0.0,0.0,0.0,0.0,2981411.0,2087033.0,34158.0,77.79216957771447,24506239.0,24170064.0,98.63,336175.0,1.37,SRX2568049_trimmed.fq.gz,Conventional base calls,Sanger / Illumina 1.9,24506239.0,0.0,20-100,41.0,15.215280834782009,98.16560558313334,pass,pass,,pass,fail,warn,pass,warn,fail,warn,pass,24534531,10011234,24534531.0,2453453100,1974551,2413532666,1.6271121710050216,,,0.0,0.6574,0.3426
SRX2568050,26460092.0,20067808.0,1062.0,658610.0,0.0,0.0,0.0,0.0,0.0,0.0,0.0,0.0,0.0,3971666.0,1752187.0,8759.0,75.84179223564304,26460092.0,25801482.0,97.51,658610.0,2.49,SRX2568050_trimmed.fq.gz,Conventional base calls,Sanger / Illumina 1.9,26460092.0,0.0,20-100,41.0,15.350976733150397,98.24803186625353,pass,pass,,pass,fail,warn,pass,warn,fail,fail,pass,26476898,10636886,26476898.0,2647689800,1644807,2607871876,1.5038742076205454,,,0.0,0.8425,0.1575
SRX2568051,37745619.0,29766513.0,2453.0,379480.0,0.0,0.0,0.0,0.0,0.0,0.0,0.0,0.0,0.0,5189945.0,2395401.0,11827.0,78.86084210196685,37745619.0,37366139.0,98.99,379480.0,1.01,SRX2568051_trimmed.fq.gz,Conventional base calls,Sanger / Illumina 1.9,37745619.0,0.0,20-100,41.0,12.100507737859314,98.73323931977376,pass,pass,,pass,fail,warn,pass,warn,fail,fail,pass,37749210,14519863,37749210.0,3774921000,1847864,3738253254,0.9713513474851526,,,0.0,0.8591,0.1409
SRX2568052,49593509.0,38000345.0,1499.0,523086.0,0.0,0.0,0.0,0.0,0.0,0.0,0.0,0.0,0.0,7650703.0,3403170.0,14706.0,76.62362628948075,49593509.0,49070423.0,98.95,523086.0,1.05,SRX2568052_trimmed.fq.gz,Conventional base calls,Sanger / Illumina 1.9,49593509.0,0.0,20-100,41.0,10.793062565701083,98.74690443864336,pass,pass,,pass,fail,pass,pass,warn,fail,fail,pass,49598605,19296934,49598605.0,4959860500,2327743,4912478444,0.9553102551977016,,,0.0,0.8749,0.1251
SRX2568053,36012272.0,26915028.0,5863.0,1028132.0,0.0,0.0,0.0,0.0,0.0,0.0,0.0,0.0,0.0,4589915.0,3429481.0,43853.0,74.7384891461444,36012272.0,34984140.0,97.15,1028132.0,2.85,SRX2568053_trimmed.fq.gz,Conventional base calls,Sanger / Illumina 1.9,36012272.0,0.0,20-100,40.0,15.591076011328852,98.52851355782272,pass,pass,,pass,fail,pass,pass,warn,fail,warn,pass,36015966,14564688,36015966.0,3601596600,2092477,3559862510,1.1587663648949469,,,0.0,0.6536,0.3464
SRX2568054,28353621.0,17035811.0,1026.0,2629734.0,0.0,0.0,0.0,0.0,0.0,0.0,0.0,0.0,0.0,6173960.0,2504505.0,8585.0,60.08336995123127,28353621.0,25723887.0,90.73,2629734.0,9.27,SRX2568054_trimmed.fq.gz,Conventional base calls,Sanger / Illumina 1.9,28353621.0,0.0,20-100,39.0,19.16935503801788,97.67963640340682,pass,pass,,pass,fail,fail,pass,warn,fail,fail,pass,28359439,13173621,28359439.0,2835943900,3552001,2779690330,1.983592482206718,,,0.0,0.7401,0.2599
SRX2568055,18447103.0,11914498.0,4532.0,289028.0,0.0,0.0,0.0,0.0,0.0,0.0,0.0,0.0,0.0,4385488.0,1848239.0,5318.0,64.58736637400463,18447103.0,18158075.0,98.43,289028.0,1.57,SRX2568055_trimmed.fq.gz,Conventional base calls,Sanger / Illumina 1.9,18447103.0,0.0,20-100,41.0,15.187769237094123,98.00609179663604,pass,pass,,pass,fail,pass,pass,warn,fail,fail,pass,18455798,7709634,18455798.0,1845579800,1160729,1813890713,1.717026107459564,,,0.0,0.7574,0.2426
SRX2568056,29508268.0,21231090.0,1619.0,394965.0,0.0,0.0,0.0,0.0,0.0,0.0,0.0,0.0,0.0,5329434.0,2543151.0,8009.0,71.94963120166862,29508268.0,29113303.0,98.66,394965.0,1.34,SRX2568056_trimmed.fq.gz,Conventional base calls,Sanger / Illumina 1.9,29508268.0,0.0,20-100,41.0,12.195962432969637,98.580242323948,pass,pass,,pass,fail,warn,pass,warn,fail,fail,pass,29513997,11565291,29513997.0,2951399700,1714976,2918049345,1.1299843596243504,,,0.0,0.8761,0.1239
SRX2568057,40805228.0,29259425.0,2545.0,723900.0,0.0,0.0,0.0,0.0,0.0,0.0,0.0,0.0,0.0,7321314.0,3487879.0,10165.0,71.70508886753433,40805228.0,40081328.0,98.23,723900.0,1.77,SRX2568057_trimmed.fq.gz,Conventional base calls,Sanger / Illumina 1.9,40805228.0,0.0,20-100,41.0,10.92959275675457,97.95073842008676,pass,pass,,pass,fail,warn,pass,warn,fail,fail,pass,40816328,17299896,40816328.0,4081632800,2425364,4009914385,1.7571011042443605,,,0.0,0.9158,0.0842
SRX2568058,22589636.0,15860824.0,1620.0,295196.0,0.0,0.0,0.0,0.0,0.0,0.0,0.0,0.0,0.0,4378849.0,2046901.0,6246.0,70.21283565613895,22589636.0,22294440.0,98.69,295196.0,1.31,SRX2568058_trimmed.fq.gz,Conventional base calls,Sanger / Illumina 1.9,22589636.0,0.0,20-100,41.0,13.145445752138428,98.67579459890368,pass,pass,,pass,fail,warn,pass,warn,fail,fail,pass,22593710,8812783,22593710.0,2259371000,1185914,2235989748,1.034856692415721,,,0.0,0.8821,0.1179
SRX2568059,3209581.0,2114979.0,1109.0,312923.0,0.0,0.0,0.0,0.0,0.0,0.0,0.0,0.0,0.0,476950.0,302219.0,1401.0,65.89579761345796,3209581.0,2896658.0,90.25,312923.0,9.75,SRX2568059_trimmed.fq.gz,Conventional base calls,Sanger / Illumina 1.9,3209581.0,0.0,20-101,39.0,26.723991170929807,97.26810945104673,pass,pass,fail,pass,warn,fail,pass,warn,fail,fail,pass,3243007,1499620,3243007.0,327543707,2169343,314326397,4.035281312853922,,,0.0,0.9338,0.0662
SRX2568060,3709600.0,2467949.0,2410.0,377258.0,0.0,0.0,0.0,0.0,0.0,0.0,0.0,0.0,0.0,527009.0,333330.0,1644.0,66.52870929480268,3709600.0,3332342.0,89.83,377258.0,10.17,SRX2568060_trimmed.fq.gz,Conventional base calls,Sanger / Illumina 1.9,3709600.0,0.0,20-101,39.0,25.247965117519023,96.86117694630148,pass,pass,fail,pass,warn,fail,pass,warn,fail,fail,pass,3744767,1785402,3744767.0,378221467,2413208,361727635,4.360892608985624,,,0.0,0.933,0.067
SRX2568061,7962953.0,5246496.0,20443.0,870119.0,0.0,0.0,0.0,0.0,0.0,0.0,0.0,0.0,0.0,1131555.0,690801.0,3539.0,65.88631127171038,7962953.0,7092834.0,89.07,870119.0,10.93,SRX2568061_trimmed.fq.gz,Conventional base calls,Sanger / Illumina 1.9,7962953.0,0.0,20-101,39.0,17.392226007993397,97.21581528862473,pass,pass,fail,pass,warn,fail,pass,warn,fail,fail,pass,8048818,3799148,8048818.0,812930618,5434911,779408196,4.123651054314207,,,0.0,0.9374,0.0626
SRX2568062,10288776.0,4965101.0,2794898.0,710954.0,0.0,0.0,0.0,0.0,0.0,0.0,0.0,0.0,0.0,1072831.0,742490.0,2502.0,48.25745064330297,10288776.0,9577822.0,93.09,710954.0,6.91,SRX2568062_trimmed.fq.gz,Conventional base calls,Sanger / Illumina 1.9,10288776.0,0.0,20-101,44.0,12.152404896843862,97.51002762622105,pass,pass,fail,pass,warn,warn,pass,warn,fail,fail,pass,10297275,4435444,10297275.0,1040024775,5672123,1010070369,2.8801627345848564,,,0.0,0.9592,0.0408
SRX2568063,20652383.0,512357.0,18704434.0,246179.0,0.0,0.0,0.0,0.0,0.0,0.0,0.0,0.0,0.0,1077682.0,111460.0,271.0,2.4808614095525927,20652383.0,20406204.0,98.81,246179.0,1.19,SRX2568063_trimmed.fq.gz,Conventional base calls,Sanger / Illumina 1.9,20652383.0,0.0,20-101,52.0,3.0601523565696667,92.60091777302408,pass,pass,fail,pass,fail,fail,pass,warn,fail,fail,pass,20706449,11621483,20706449.0,2091351349,10824818,1925203677,7.944512627179797,,,0.0,0.908,0.092
SRX2568064,5778510.0,4024506.0,57071.0,300275.0,0.0,0.0,0.0,0.0,0.0,0.0,0.0,0.0,0.0,913491.0,481122.0,2045.0,69.64608523650561,5778510.0,5478235.0,94.8,300275.0,5.2,SRX2568064_trimmed.fq.gz,Conventional base calls,Sanger / Illumina 1.9,5778510.0,0.0,20-101,41.0,11.281732209146169,95.52543787239271,pass,pass,fail,pass,fail,warn,pass,warn,fail,fail,pass,6140741,3016464,6140741.0,620214841,11158319,557057735,10.183101374705736,,,0.0,0.884,0.1159999999999999
SRX3141471,42015765.0,23226022.0,1378438.0,8929014.0,0.0,0.0,0.0,0.0,126359.0,0.0,0.0,0.0,0.0,7109148.0,1171551.0,75233.0,55.27930289975679,42015765.0,33086751.0,78.75,8929014.0,21.25,SRX3141471_val_2.fq.gz,Conventional base calls,Sanger / Illumina 1.9,42015765.0,0.0,20-151,45.0,12.061218540381534,138.50170480056713,pass,pass,,pass,fail,warn,pass,warn,fail,warn,pass,42100091,20806294,42100091.0,6357113741,25599568,5849225073,7.989296537584162,0.4989,0.5011,0.0,,
SRX3141472,38012473.0,24154643.0,107176.0,4371048.0,0.0,0.0,0.0,0.0,93124.0,0.0,0.0,0.0,0.0,7955463.0,1285481.0,45538.0,63.543992520560295,38012473.0,33641425.0,88.5,4371048.0,11.5,SRX3141472_val_1.fq.gz,Conventional base calls,Sanger / Illumina 1.9,38012473.0,0.0,20-151,44.0,8.362080798058575,144.10038260336285,pass,pass,,pass,fail,warn,pass,warn,fail,warn,pass,38527870,16596018,38527870.0,5817708370,83443134,5456309438,6.212049642495228,0.5014,0.4986,0.0,,
SRX3141473,40336651.0,27096325.0,186091.0,4486322.0,0.0,0.0,0.0,0.0,55439.0,0.0,0.0,0.0,0.0,7227058.0,1173638.0,111778.0,67.17544547761291,40336651.0,35850329.0,88.88,4486322.0,11.12,SRX3141473_val_1.fq.gz,Conventional base calls,Sanger / Illumina 1.9,40336651.0,0.0,20-151,44.0,8.047615278150392,147.6541993533375,pass,pass,,pass,fail,warn,pass,warn,fail,warn,pass,40425765,15549104,40425765.0,6104290515,14904258,5959251147,2.376023350192729,0.5006,0.4994,0.0,,
SRX3141474,37275273.0,25192240.0,282569.0,4264198.0,0.0,0.0,0.0,0.0,66054.0,0.0,0.0,0.0,0.0,6258878.0,1100064.0,111270.0,67.5843205762705,37275273.0,33011075.0,88.56,4264198.0,11.44,SRX3141474_val_2.fq.gz,Conventional base calls,Sanger / Illumina 1.9,37275273.0,0.0,20-151,43.0,14.170524899352875,144.49023573885026,pass,pass,,pass,fail,warn,pass,warn,fail,warn,pass,37365126,15883856,37365126.0,5642134026,16008456,5415118453,4.023576397757838,0.5123,0.4877,0.0,,
SRX3141475,37158895.0,23888111.0,84479.0,4356750.0,0.0,0.0,0.0,0.0,69665.0,0.0,0.0,0.0,0.0,7488805.0,1203970.0,67115.0,64.28638687991126,37158895.0,32802145.0,88.28,4356750.0,11.72,SRX3141475_val_2.fq.gz,Conventional base calls,Sanger / Illumina 1.9,37158895.0,0.0,20-151,44.0,10.759451737207034,145.14110220446543,pass,pass,,pass,fail,fail,pass,warn,fail,warn,pass,37261191,14621623,37261191.0,5626439841,55990275,5390017908,4.201980998307096,0.498,0.502,0.0,,
SRX3141476,38628134.0,25202706.0,98164.0,4973976.0,0.0,0.0,0.0,0.0,73876.0,0.0,0.0,0.0,0.0,6991599.0,1138659.0,149154.0,65.24443039366075,38628134.0,33654158.0,87.12,4973976.0,12.88,SRX3141476_val_1.fq.gz,Conventional base calls,Sanger / Illumina 1.9,38628134.0,0.0,20-151,44.0,9.513026886183166,145.35650658144658,pass,pass,,pass,fail,fail,pass,warn,fail,warn,pass,38709627,16050487,38709627.0,5845153677,15529948,5619403135,3.862183177292705,0.4965,0.5035,0.0,,
SRX3141477,31581894.0,20517280.0,346732.0,3917874.0,0.0,0.0,0.0,0.0,67870.0,0.0,0.0,0.0,0.0,5701500.0,934662.0,95976.0,64.96532475221403,31581894.0,27664020.0,87.59,3917874.0,12.41,SRX3141477_val_2.fq.gz,Conventional base calls,Sanger / Illumina 1.9,31581894.0,0.0,20-151,44.0,14.795422432995888,144.34913064428625,pass,pass,,pass,fail,warn,pass,warn,fail,warn,pass,31703711,13365659,31703711.0,4787260361,17068816,4586092538,4.202149200800487,0.4946,0.5054,0.0,,
SRX3141478,31235241.0,20027982.0,140197.0,3548275.0,0.0,0.0,0.0,0.0,65593.0,0.0,0.0,0.0,0.0,6337576.0,1037024.0,78594.0,64.11982542410989,31235241.0,27686966.0,88.64,3548275.0,11.36,SRX3141478_val_2.fq.gz,Conventional base calls,Sanger / Illumina 1.9,31235241.0,0.0,20-151,44.0,14.241841933645544,144.96479108325113,pass,pass,,pass,fail,warn,pass,warn,fail,warn,pass,31495668,12589266,31495668.0,4755845868,59688816,4525611257,4.841086473158176,0.5006,0.4994,0.0,,
SRX3141479,31463606.0,20012233.0,577618.0,5012626.0,0.0,0.0,0.0,0.0,145744.0,0.0,0.0,0.0,0.0,4632279.0,954907.0,128199.0,63.60438469767261,31463606.0,26450980.0,84.07,5012626.0,15.93,SRX3141479_val_1.fq.gz,Conventional base calls,Sanger / Illumina 1.9,31463606.0,0.0,20-151,44.0,13.369708717004574,142.18946267633785,pass,pass,,pass,fail,warn,pass,warn,fail,warn,pass,31523160,15436768,31523160.0,4759997160,45431116,4450666260,6.498552196615176,0.4976,0.5024,0.0,,
SRX3737100,13913028.0,3381660.0,62458.0,9775539.0,0.0,0.0,0.0,0.0,0.0,0.0,0.0,0.0,0.0,575980.0,113969.0,3422.0,24.30570829010048,13913028.0,4137489.0,29.74,9775539.0,70.26,SRX3737100_trimmed.fq.gz,Conventional base calls,Sanger / Illumina 1.9,13913028.0,0.0,20-52,47.0,28.79304107379589,51.403713052255775,pass,pass,warn,pass,fail,pass,pass,warn,fail,warn,pass,13929276,4531511,13929276.0,724322352,2947468,715226883,1.255721154384588,,,,,
SRX3737101,12107141.0,2834598.0,45974.0,8563931.0,0.0,0.0,0.0,0.0,0.0,0.0,0.0,0.0,0.0,556765.0,102951.0,2922.0,23.412612440872703,12107141.0,3543210.0,29.27,8563931.0,70.73,SRX3737101_trimmed.fq.gz,Conventional base calls,Sanger / Illumina 1.9,12107141.0,0.0,20-52,47.0,30.04909579902964,51.40287504704868,pass,pass,warn,pass,fail,pass,pass,warn,fail,warn,pass,12121242,3930796,12121242.0,630304584,2586945,622380802,1.2571353915458752,,,,,
SRX3737102,10316430.0,379879.0,51911.0,9756081.0,0.0,0.0,0.0,0.0,0.0,0.0,0.0,0.0,0.0,115862.0,12318.0,379.0,3.682271871180244,10316430.0,560349.0,5.43,9756081.0,94.57,SRX3737102_trimmed.fq.gz,Conventional base calls,Sanger / Illumina 1.9,10316430.0,0.0,20-52,49.0,25.633114646521907,51.39161987237834,pass,pass,warn,pass,fail,pass,pass,warn,fail,warn,pass,10330017,3265518,10330017.0,537160884,2451404,530216567,1.2927815868290216,,,,,
SRX3737103,16834482.0,846884.0,21131.0,15779536.0,0.0,0.0,0.0,0.0,0.0,0.0,0.0,0.0,0.0,157982.0,28166.0,783.0,5.030650779750752,16834482.0,1054946.0,6.27,15779536.0,93.73,SRX3737103_trimmed.fq.gz,Conventional base calls,Sanger / Illumina 1.9,16834482.0,0.0,20-52,48.0,22.39657262247725,51.39793526168491,pass,pass,warn,pass,fail,pass,pass,warn,fail,warn,pass,16852191,5352492,16852191.0,876313932,3619361,865311234,1.2555657964821676,,,,,
SRX3737104,42543471.0,35541722.0,80988.0,2011811.0,0.0,0.0,0.0,0.0,0.0,0.0,0.0,0.0,0.0,3369722.0,1511562.0,27666.0,83.54213035414998,42543471.0,40531660.0,95.27,2011811.0,4.73,SRX3737104_trimmed.fq.gz,Conventional base calls,Sanger / Illumina 1.9,42543471.0,0.0,20-52,41.0,13.471925342664182,51.50270120178958,pass,pass,pass,pass,fail,pass,pass,warn,fail,warn,pass,42553622,15406285,42553622.0,2212788344,1881222,2191153246,0.9777301140736668,,,,,
SRX3737105,32960450.0,22668384.0,4442267.0,1292650.0,0.0,0.0,0.0,0.0,0.0,0.0,0.0,0.0,0.0,3556006.0,983195.0,17948.0,68.7744979209932,32960450.0,31667800.0,96.08,1292650.0,3.92,SRX3737105_trimmed.fq.gz,Conventional base calls,Sanger / Illumina 1.9,32960450.0,0.0,20-52,42.0,13.538876979863732,51.51122663677225,pass,pass,pass,pass,fail,pass,pass,warn,fail,warn,pass,32968267,11603542,32968267.0,1714349884,1437626,1697872437,0.9611484303049074,,,,,
SRX3737106,36572161.0,28529694.0,137806.0,1706543.0,0.0,0.0,0.0,0.0,0.0,0.0,0.0,0.0,0.0,4949581.0,1225667.0,22870.0,78.00931971178842,36572161.0,34865618.0,95.33,1706543.0,4.67,SRX3737106_trimmed.fq.gz,Conventional base calls,Sanger / Illumina 1.9,36572161.0,0.0,20-52,41.0,13.975671550384758,51.50813270235795,pass,pass,pass,pass,fail,pass,pass,warn,fail,warn,pass,36582195,13104750,36582195.0,1902274140,1658478,1883810631,0.9706019028361496,,,,,
SRX3737107,44574665.0,35163591.0,229488.0,1869793.0,0.0,0.0,0.0,0.0,0.0,0.0,0.0,0.0,0.0,5850693.0,1433715.0,27385.0,78.88694396245042,44574665.0,42704872.0,95.81,1869793.0,4.19,SRX3737107_trimmed.fq.gz,Conventional base calls,Sanger / Illumina 1.9,44574665.0,0.0,20-52,41.0,12.226172813930388,51.51010909448226,pass,pass,pass,pass,fail,pass,pass,warn,fail,warn,pass,44585152,15919577,44585152.0,2318427904,1909659,2296096382,0.9632183067444656,,,,,
SRX3737108,31108042.0,11582038.0,65701.0,18188176.0,0.0,0.0,0.0,0.0,0.0,0.0,0.0,0.0,0.0,911686.0,353999.0,6442.0,37.231652188202645,31108042.0,12919866.0,41.53,18188176.0,58.47,SRX3737108_trimmed.fq.gz,Conventional base calls,Sanger / Illumina 1.9,31108042.0,0.0,20-52,46.0,15.221111850228189,51.52281355412856,pass,pass,pass,pass,fail,pass,pass,warn,fail,warn,pass,31113686,10417775,31113686.0,1617911672,1270837,1602806652,0.9336121533339184,,,,,
SRX3737109,33309875.0,10647142.0,255721.0,21045870.0,0.0,0.0,0.0,0.0,0.0,0.0,0.0,0.0,0.0,1030668.0,324394.0,6080.0,31.96392060912868,33309875.0,12264005.0,36.82,21045870.0,63.18,SRX3737109_trimmed.fq.gz,Conventional base calls,Sanger / Illumina 1.9,33309875.0,0.0,20-52,46.0,14.047637310624392,51.52775448722039,pass,pass,pass,pass,fail,pass,pass,warn,fail,warn,pass,33315744,10997791,33315744.0,1732418688,1375723,1716416034,0.9237174656938358,,,,,
SRX3737110,28948682.0,10100302.0,171532.0,16955908.0,0.0,0.0,0.0,0.0,0.0,0.0,0.0,0.0,0.0,1356863.0,356497.0,7580.0,34.890369102123536,28948682.0,11992774.0,41.43,16955908.0,58.57,SRX3737110_trimmed.fq.gz,Conventional base calls,Sanger / Illumina 1.9,28948682.0,0.0,20-52,46.0,16.34609366086914,51.52505378310487,pass,pass,pass,pass,fail,pass,pass,warn,fail,warn,pass,28955236,9628387,28955236.0,1505672272,1297984,1491617564,0.9334506759117632,,,,,
SRX3737111,40360629.0,13598112.0,78829.0,24683887.0,0.0,0.0,0.0,0.0,0.0,0.0,0.0,0.0,0.0,1551928.0,439817.0,8056.0,33.69152646258313,40360629.0,15676742.0,38.84,24683887.0,61.16,SRX3737111_trimmed.fq.gz,Conventional base calls,Sanger / Illumina 1.9,40360629.0,0.0,20-52,46.0,13.271836433972664,51.52714748325652,pass,pass,pass,pass,fail,pass,pass,warn,fail,warn,pass,40367430,13399934,40367430.0,2099106360,1643036,2079707566,0.9241453586944494,,,,,
SRX4488546,42615965.0,28830597.0,16750.0,8054937.0,0.0,0.0,0.0,0.0,59202.0,0.0,0.0,0.0,0.0,3036771.0,2332229.0,285479.0,67.65210408822139,42615965.0,34561028.0,81.1,8054937.0,18.9,SRX4488546_val_1.fq.gz,Conventional base calls,Sanger / Illumina 1.9,42615965.0,0.0,20-76,39.0,25.60696130659479,74.66876627104419,pass,pass,,pass,fail,warn,pass,warn,fail,fail,pass,42833885,7076136,42833885.0,3230062624,26387436,3194900760,1.088581494945034,0.5526,0.4474,0.0,,
SRX4488547,36308174.0,24849511.0,4766.0,7952556.0,0.0,0.0,0.0,0.0,67619.0,0.0,0.0,0.0,0.0,1906375.0,1425363.0,101984.0,68.44054179094769,36308174.0,28355618.0,78.1,7952556.0,21.9,SRX4488547_val_1.fq.gz,Conventional base calls,Sanger / Illumina 1.9,36308174.0,0.0,20-76,37.0,24.675203905306,74.3265333585765,pass,pass,,pass,fail,fail,pass,warn,fail,fail,pass,36498076,9202042,36498076.0,2740192920,10198113,2716329208,0.8708770767862578,0.5535,0.4465,0.0,,
SRX4488548,41907171.0,26993168.0,2414.0,7427738.0,0.0,0.0,0.0,0.0,62597.0,0.0,0.0,0.0,0.0,4986190.0,1982165.0,452899.0,64.41181152504902,41907171.0,34479433.0,82.28,7427738.0,17.72,SRX4488548_val_1.fq.gz,Conventional base calls,Sanger / Illumina 1.9,41907171.0,0.0,20-76,42.0,26.65881970114364,74.80469201798422,pass,pass,,pass,fail,warn,pass,warn,fail,warn,pass,42072197,7312926,42072197.0,3172954269,7588208,3155708508,0.5435237806133033,0.5133,0.4867,0.0,,
SRX4488549,31364293.0,21568508.0,2588.0,5282160.0,0.0,0.0,0.0,0.0,43514.0,0.0,0.0,0.0,0.0,3218152.0,1164815.0,84556.0,68.76771620517636,31364293.0,26082133.0,83.16,5282160.0,16.84,SRX4488549_val_1.fq.gz,Conventional base calls,Sanger / Illumina 1.9,31364293.0,0.0,20-76,37.0,21.40195901180904,74.404560944511,pass,pass,,pass,fail,fail,pass,warn,fail,fail,pass,31510285,3474199,31510285.0,2374464039,19570905,2350012509,1.0297704912935932,0.764,0.236,0.0,,
SRX4488550,28268089.0,3117964.0,4194.0,6721007.0,0.0,0.0,0.0,0.0,35235.0,0.0,0.0,0.0,0.0,18148865.0,201960.0,38864.0,11.029978008064148,28268089.0,21547082.0,76.22,6721007.0,23.78,SRX4488550_val_1.fq.gz,Conventional base calls,Sanger / Illumina 1.9,28268089.0,0.0,20-76,40.0,13.473759826542992,74.66339433132534,pass,pass,,pass,fail,fail,pass,warn,fail,fail,pass,28537342,2259575,28537342.0,2148326177,35330374,2109790716,1.7937434926111782,0.5289,0.4711,0.0,,
SRX4488551,44381930.0,18186455.0,5076.0,8351085.0,0.0,0.0,0.0,0.0,58761.0,0.0,0.0,0.0,0.0,16324082.0,1190599.0,265872.0,40.97716120051562,44381930.0,36030845.0,81.18,8351085.0,18.82,SRX4488551_val_1.fq.gz,Conventional base calls,Sanger / Illumina 1.9,44381930.0,0.0,20-76,41.0,20.66962576188862,74.77277847087768,pass,pass,,pass,fail,fail,pass,warn,fail,fail,pass,44649612,5436140,44649612.0,3366951057,31183452,3328756381,1.1343995013111947,0.5036,0.4964,0.0,,
SRX4488552,46407396.0,31725583.0,5088.0,6667856.0,0.0,0.0,0.0,0.0,91911.0,0.0,0.0,0.0,0.0,5572362.0,1849739.0,494857.0,68.36320443405185,46407396.0,39739540.0,85.63,6667856.0,14.37,SRX4488552_val_2.fq.gz,Conventional base calls,Sanger / Illumina 1.9,46407396.0,0.0,20-76,41.0,30.18959556463126,74.76797508741926,pass,pass,,pass,fail,warn,pass,warn,fail,warn,pass,46598005,7418831,46598005.0,3516358253,7547923,3499251963,0.4864774510789871,0.8009999999999999,0.1989999999999999,0.0,,
SRX4488553,42406749.0,27166633.0,4011.0,7690530.0,0.0,0.0,0.0,0.0,91795.0,0.0,0.0,0.0,0.0,5311048.0,1642698.0,500034.0,64.06205059482394,42406749.0,34716219.0,81.86,7690530.0,18.14,SRX4488553_val_1.fq.gz,Conventional base calls,Sanger / Illumina 1.9,42406749.0,0.0,20-76,41.0,27.34954451938988,74.80133122206561,pass,pass,,pass,fail,warn,pass,warn,fail,warn,pass,42565898,6478233,42565898.0,3211867545,20154525,3183693241,0.8771938321011927,0.7464,0.2536,0.0,,
SRX4488554,26918354.0,4766620.0,12905.0,7970018.0,0.0,0.0,0.0,0.0,41876.0,0.0,0.0,0.0,0.0,13087718.0,964759.0,74458.0,17.707694905862372,26918354.0,18948336.0,70.39,7970018.0,29.61,SRX4488554_val_1.fq.gz,Conventional base calls,Sanger / Illumina 1.9,26918354.0,0.0,20-76,39.0,16.73531116180571,74.54982351446897,pass,pass,,pass,fail,fail,pass,warn,fail,fail,pass,27173653,6290613,27173653.0,2043964288,7743794,2028198832,0.7713175857600894,0.5123,0.4877,0.0,,
SRX4488555,40287428.0,27516310.0,19147.0,6744146.0,0.0,0.0,0.0,0.0,75347.0,0.0,0.0,0.0,0.0,3880629.0,1559011.0,492838.0,68.29999174928714,40287428.0,33543282.0,83.26,6744146.0,16.74,SRX4488555_val_1.fq.gz,Conventional base calls,Sanger / Illumina 1.9,40287428.0,0.0,20-76,42.0,26.314150947892408,74.85873334976856,pass,pass,,pass,fail,warn,pass,warn,fail,warn,pass,40470036,6822706,40470036.0,3053334201,6574572,3037977368,0.5029529029272483,0.6889,0.3111,0.0,,
SRX4488556,46949632.0,17623551.0,9510.0,11963567.0,0.0,0.0,0.0,0.0,58320.0,0.0,0.0,0.0,0.0,14240514.0,2764260.0,289910.0,37.53714406110787,46949632.0,34986065.0,74.52,11963567.0,25.48,SRX4488556_val_1.fq.gz,Conventional base calls,Sanger / Illumina 1.9,46949632.0,0.0,20-76,40.0,21.426144215046484,74.65978076249884,pass,pass,,pass,fail,fail,pass,warn,fail,fail,pass,47226088,5787148,47226088.0,3561698402,34319927,3520020992,1.170155507175927,0.4247,0.5753,0.0,,
SRX4488557,35164967.0,19812048.0,11940.0,7311241.0,0.0,0.0,0.0,0.0,30177.0,0.0,0.0,0.0,0.0,4114543.0,3571977.0,313041.0,56.34030027669297,35164967.0,27853726.0,79.21,7311241.0,20.79,SRX4488557_val_1.fq.gz,Conventional base calls,Sanger / Illumina 1.9,35164967.0,0.0,20-76,41.0,27.277250998117992,74.54209668389565,pass,pass,,pass,fail,warn,pass,warn,fail,warn,pass,35332616,7850364,35332616.0,2661157915,8923686,2641877284,0.7245203635350591,0.6178,0.3822,0.0,,
SRX5930997,18627176.0,17033863.0,3842.0,343118.0,0.0,0.0,0.0,0.0,8780.0,0.0,0.0,0.0,0.0,603510.0,597035.0,37028.0,91.44629867672909,18627176.0,18284058.0,98.16,343118.0,1.84,SRX5930997_val_1.fq.gz,Conventional base calls,Sanger / Illumina 1.9,18627176.0,0.0,20-101,41.0,9.326994473110632,99.31692007419694,pass,pass,,pass,fail,warn,pass,warn,fail,warn,pass,18630824,7323277,18630824.0,1881713224,1701461,1861501782,1.0740978881487628,0.0996,0.9004,0.0,,
SRX5930998,15012838.0,12927789.0,571960.0,308104.0,0.0,0.0,0.0,0.0,7903.0,0.0,0.0,0.0,0.0,761435.0,417249.0,18398.0,86.11155998619316,15012838.0,14704734.0,97.95,308104.0,2.05,SRX5930998_val_1.fq.gz,Conventional base calls,Sanger / Illumina 1.9,15012838.0,0.0,20-101,41.0,10.450209345704122,99.21895340507903,pass,pass,,pass,fail,warn,pass,warn,fail,warn,pass,15016922,5612919,15016922.0,1516709122,481718,1500211293,1.0877384965051986,0.1704,0.8296,0.0,,
SRX5930999,15544377.0,14144730.0,2439.0,272812.0,0.0,0.0,0.0,0.0,7784.0,0.0,0.0,0.0,0.0,518199.0,568761.0,29652.0,90.99579867369404,15544377.0,15271565.0,98.24,272812.0,1.76,SRX5930999_val_1.fq.gz,Conventional base calls,Sanger / Illumina 1.9,15544377.0,0.0,20-101,41.0,10.408760583677491,99.20168971712408,pass,pass,,pass,fail,warn,pass,warn,fail,warn,pass,15547474,6136277,15547474.0,1570294874,399421,1552882491,1.1088607170731934,0.0783,0.9217,0.0,,
SRX5931000,14069631.0,12680910.0,7756.0,253361.0,0.0,0.0,0.0,0.0,4082.0,0.0,0.0,0.0,0.0,735319.0,367873.0,20330.0,90.12965585238165,14069631.0,13816270.0,98.2,253361.0,1.8,SRX5931000_val_1.fq.gz,Conventional base calls,Sanger / Illumina 1.9,14069631.0,0.0,20-101,41.0,11.644439019233385,99.60635101233288,pass,pass,,pass,fail,warn,pass,warn,fail,warn,pass,14073823,5126437,14073823.0,1421456123,479565,1411345845,0.711262052792888,0.1396,0.8604,0.0,,
SRX5931001,14215845.0,12482214.0,53025.0,271576.0,0.0,0.0,0.0,0.0,9374.0,0.0,0.0,0.0,0.0,937384.0,425002.0,37270.0,87.8049387848559,14215845.0,13944269.0,98.09,271576.0,1.91,SRX5931001_val_2.fq.gz,Conventional base calls,Sanger / Illumina 1.9,14215845.0,0.0,20-101,41.0,15.36266086724148,99.29106275427174,pass,pass,,pass,fail,pass,pass,warn,fail,warn,pass,14218916,5409122,14218916.0,1436110516,1336797,1421251328,1.0346827653199917,0.122,0.878,0.0,,
SRX5931002,13914436.0,12159344.0,39192.0,260271.0,0.0,0.0,0.0,0.0,11197.0,0.0,0.0,0.0,0.0,961442.0,443127.0,39863.0,87.38653869980789,13914436.0,13654165.0,98.13,260271.0,1.87,SRX5931002_val_1.fq.gz,Conventional base calls,Sanger / Illumina 1.9,13914436.0,0.0,20-101,42.0,12.069604345124068,99.14168953739842,pass,pass,,pass,fail,pass,pass,warn,fail,warn,pass,13918758,5421661,13918758.0,1405794558,1232878,1388339775,1.2416311402451738,0.1021,0.8979,0.0,,
SRX8696864,2089808.0,47.0,6.0,2085786.0,0.0,0.0,0.0,0.0,48.0,0.0,0.0,0.0,0.0,3909.0,12.0,0.0,0.0022490104354084,2089808.0,4022.0,0.19,2085786.0,99.81,SRX8696864_val_1.fq.gz,Conventional base calls,Sanger / Illumina 1.9,2089808.0,0.0,20-151,46.0,98.9124623886976,136.8753871169026,pass,pass,,pass,fail,fail,pass,warn,pass,pass,pass,2100532,435319,2100532.0,288251916,520906,286413872,0.6376519627366501,0.0,1.0,0.0,,
SRX8696865,1814795.0,3484.0,27.0,1810838.0,0.0,0.0,0.0,0.0,33.0,0.0,0.0,0.0,0.0,254.0,150.0,9.0,0.1919776062861094,1814795.0,3957.0,0.22,1810838.0,99.78,SRX8696865_val_1.fq.gz,Conventional base calls,Sanger / Illumina 1.9,1814795.0,0.0,20-151,42.0,99.2876037020882,140.73488796255225,pass,pass,,pass,fail,warn,pass,warn,pass,pass,pass,1820144,353533,1820144.0,256954408,537301,255778008,0.4578244090679308,,,,,
SRX8696866,2341245.0,4346.0,212.0,2336102.0,0.0,0.0,0.0,0.0,57.0,0.0,0.0,0.0,0.0,309.0,214.0,5.0,0.1856277322535659,2341245.0,5143.0,0.22,2336102.0,99.78,SRX8696866_val_2.fq.gz,Conventional base calls,Sanger / Illumina 1.9,2341245.0,0.0,20-151,42.0,91.7182261093072,138.020708212938,pass,pass,,pass,fail,pass,pass,warn,pass,pass,pass,2349904,479741,2349904.0,325156264,787001,323422005,0.5333617069729895,0.6,0.4,0.0,,
SRX8696867,2682600.0,5102.0,11.0,2676674.0,0.0,0.0,0.0,0.0,52.0,0.0,0.0,0.0,0.0,508.0,249.0,4.0,0.1901886229777082,2682600.0,5926.0,0.22,2676674.0,99.78,SRX8696867_val_1.fq.gz,Conventional base calls,Sanger / Illumina 1.9,2682600.0,0.0,20-151,42.0,99.4400715689525,137.63166331171251,pass,pass,,pass,fail,pass,pass,warn,pass,pass,pass,2694653,615944,2694653.0,371863792,766009,369607269,0.6068143897161141,1.0,0.0,0.0,,
SRX8696868,2371869.0,4014.0,130.0,2367072.0,0.0,0.0,0.0,0.0,77.0,0.0,0.0,0.0,0.0,390.0,177.0,9.0,0.169233629681909,2371869.0,4797.0,0.2,2367072.0,99.8,SRX8696868_val_1.fq.gz,Conventional base calls,Sanger / Illumina 1.9,2371869.0,0.0,20-151,42.0,99.23353803931644,135.72332831197676,pass,pass,,pass,fail,pass,pass,warn,pass,pass,pass,2383998,549646,2383998.0,324518012,664217,322296604,0.6845253322949605,1.0,0.0,0.0,,
SRX8696869,2114821.0,3632.0,172.0,2110486.0,0.0,0.0,0.0,0.0,69.0,0.0,0.0,0.0,0.0,315.0,140.0,7.0,0.1717403033164509,2114821.0,4335.0,0.2,2110486.0,99.8,SRX8696869_val_1.fq.gz,Conventional base calls,Sanger / Illumina 1.9,2114821.0,0.0,20-151,43.0,99.32941530918012,136.7469582532044,pass,pass,,pass,fail,warn,pass,warn,pass,pass,pass,2124003,469696,2124003.0,291317155,569627,289510243,0.6202559543738507,1.0,0.0,0.0,,
SRX8696870,2210363.0,4482.0,25.0,2205203.0,0.0,0.0,0.0,0.0,78.0,0.0,0.0,0.0,0.0,359.0,212.0,4.0,0.2027721238547696,2210363.0,5160.0,0.23,2205203.0,99.77,SRX8696870_val_1.fq.gz,Conventional base calls,Sanger / Illumina 1.9,2210363.0,0.0,20-151,42.0,99.31202395159907,134.9565143824793,pass,pass,,pass,fail,warn,pass,warn,pass,pass,pass,2221187,532780,2221187.0,300812977,642286,298614635,0.730800254006329,,,,,
SRX8696871,2703472.0,125.0,1.0,2697479.0,0.0,0.0,0.0,0.0,74.0,0.0,0.0,0.0,0.0,5759.0,34.0,0.0,0.0046236839146105,2703472.0,5993.0,0.22,2697479.0,99.78,SRX8696871_val_2.fq.gz,Conventional base calls,Sanger / Illumina 1.9,2703472.0,0.0,20-151,42.0,90.36995718294943,138.5135499831328,pass,pass,,pass,fail,pass,pass,warn,pass,pass,pass,2714850,590737,2714850.0,376967091,734934,374736266,0.5917824269705283,0.0,1.0,0.0,,
SRX8944518,35508376.0,23663696.0,1292730.0,6187534.0,0.0,0.0,0.0,0.0,0.0,0.0,0.0,0.0,0.0,3247617.0,1107172.0,9627.0,66.64257469843172,35508376.0,29320842.0,82.57,6187534.0,17.43,SRX8944518_trimmed.fq.gz,Conventional base calls,Sanger / Illumina 1.9,35508376.0,0.0,20-101,44.0,17.437486220356078,97.64529450741422,pass,pass,,pass,fail,warn,pass,warn,fail,warn,pass,35561463,14801401,35561463.0,3591707763,2024189,3491819629,2.781076317761657,,,0.0,0.9424,0.0576
SRX8944519,43800544.0,30548329.0,1284619.0,6613336.0,0.0,0.0,0.0,0.0,0.0,0.0,0.0,0.0,0.0,3863029.0,1479289.0,11942.0,69.7441771499459,43800544.0,37187208.0,84.9,6613336.0,15.1,SRX8944519_trimmed.fq.gz,Conventional base calls,Sanger / Illumina 1.9,43800544.0,0.0,20-101,44.0,16.100741107061587,97.51659248798371,pass,pass,,pass,fail,warn,pass,warn,fail,warn,pass,43894850,18473355,43894850.0,4433379850,2695166,4301632927,2.971703924715587,,,0.0,0.9453,0.0547
SRX8944520,39128002.0,18841103.0,2924769.0,13399067.0,0.0,0.0,0.0,0.0,0.0,0.0,0.0,0.0,0.0,3046630.0,908107.0,8326.0,48.15247913757519,39128002.0,25728935.0,65.76,13399067.0,34.24,SRX8944520_trimmed.fq.gz,Conventional base calls,Sanger / Illumina 1.9,39128002.0,0.0,20-101,47.0,16.76578223443509,96.41475141000043,pass,pass,,pass,fail,fail,pass,warn,fail,fail,pass,39220236,16811942,39220236.0,3961243836,2631762,3800181646,4.065949905336754,,,0.0,0.9238,0.0762
SRX8944521,44620096.0,13857643.0,4939476.0,22164990.0,0.0,0.0,0.0,0.0,0.0,0.0,0.0,0.0,0.0,2860843.0,789832.0,7312.0,31.05695469592894,44620096.0,22455106.0,50.33,22164990.0,49.67,SRX8944521_trimmed.fq.gz,Conventional base calls,Sanger / Illumina 1.9,44620096.0,0.0,20-101,49.0,14.195325384894266,94.86829288758142,pass,pass,,pass,fail,fail,pass,warn,fail,fail,pass,44724086,19604221,44724086.0,4517132686,3090594,4265016006,5.581343244164335,,,0.0,0.9516,0.0484
SRX8944522,39600155.0,21822149.0,2091111.0,11327005.0,0.0,0.0,0.0,0.0,0.0,0.0,0.0,0.0,0.0,3358266.0,992094.0,9530.0,55.106221175144384,39600155.0,28273150.0,71.4,11327005.0,28.6,SRX8944522_trimmed.fq.gz,Conventional base calls,Sanger / Illumina 1.9,39600155.0,0.0,20-101,46.0,17.386773187225074,96.7609873244183,pass,pass,,pass,fail,fail,pass,warn,fail,warn,pass,39692243,16900789,39692243.0,4008916543,2627042,3859590103,3.724857786344793,,,0.0,0.8882,0.1118
SRX8944523,45526161.0,19548964.0,3405829.0,17909469.0,0.0,0.0,0.0,0.0,0.0,0.0,0.0,0.0,0.0,3678629.0,973225.0,10045.0,42.94006692108302,45526161.0,27616692.0,60.66,17909469.0,39.34,SRX8944523_trimmed.fq.gz,Conventional base calls,Sanger / Illumina 1.9,45526161.0,0.0,20-101,47.0,16.364079457118347,95.2785778269334,pass,pass,,pass,fail,fail,pass,warn,fail,fail,pass,45655172,20306739,45655172.0,4611172372,3401279,4369974660,5.2307242614612015,,,0.0,0.9415,0.0585
ABNM001,6203339.0,4553152.0,67839.0,153350.0,0.0,0.0,0.0,0.0,12201.0,0.0,0.0,0.0,0.0,1112032.0,230703.0,74062.0,73.39840689022476,6203339.0,6049989.0,97.53,153350.0,2.47,ABNM001_val_1.fq.gz,Conventional base calls,Sanger / Illumina 1.9,6203339.0,0.0,20-51,39.0,20.88616483552713,50.51714923205068,pass,pass,pass,pass,fail,fail,pass,warn,fail,fail,pass,6208600,2346059,,316638600,416898,313110023,1.1143862434965288,0.0471,0.6259,0.327,,
ABNM002,8400351.0,6560307.0,87375.0,324048.0,0.0,0.0,0.0,0.0,11955.0,0.0,0.0,0.0,0.0,1046265.0,256344.0,114057.0,78.09562957547845,8400351.0,8076303.0,96.14,324048.0,3.86,ABNM002_val_2.fq.gz,Conventional base calls,Sanger / Illumina 1.9,8400351.0,0.0,20-51,39.0,19.602346144716147,50.47378770244244,pass,pass,pass,pass,fail,pass,pass,warn,fail,warn,pass,8408390,3008476,,428827890,180481,424727961,0.9560779733799496,0.0361,0.6369,0.3271,,
ABNM003,6595703.0,3992220.0,169420.0,268138.0,0.0,0.0,0.0,0.0,6447.0,0.0,0.0,0.0,0.0,1892885.0,225267.0,41326.0,60.52758894692499,6595703.0,6327565.0,95.93,268138.0,4.07,ABNM003_val_1.fq.gz,Conventional base calls,Sanger / Illumina 1.9,6595703.0,0.0,20-51,38.0,15.69432147530013,50.518716958601686,pass,pass,pass,pass,fail,fail,pass,warn,fail,fail,pass,6604481,2357980,,336828531,570363,333172651,1.085383114413191,0.0719,0.5456,0.3825,,
ABNM004,6537171.0,4385501.0,774706.0,198095.0,0.0,0.0,0.0,0.0,21310.0,0.0,0.0,0.0,0.0,885588.0,200623.0,71348.0,67.0856093560961,6537171.0,6339076.0,96.97,198095.0,3.03,ABNM004_val_1.fq.gz,Conventional base calls,Sanger / Illumina 1.9,6537171.0,0.0,20-51,41.0,18.950379225367385,50.47708970745909,pass,pass,pass,pass,fail,warn,pass,warn,fail,fail,pass,6549520,2352912,,334025520,142053,330319218,1.1095864771051025,0.0558,0.6105,0.3336,,
ABNM005,6798364.0,3949557.0,107033.0,225805.0,0.0,0.0,0.0,0.0,5334.0,0.0,0.0,0.0,0.0,2199507.0,283041.0,28087.0,58.09569772963025,6798364.0,6572559.0,96.68,225805.0,3.32,ABNM005_val_1.fq.gz,Conventional base calls,Sanger / Illumina 1.9,6798364.0,0.0,20-51,37.0,12.988065300109575,50.548002872455776,pass,pass,pass,pass,fail,fail,pass,warn,fail,fail,pass,6805745,2034140,,347092995,186057,343974851,0.8983598185264442,0.0748,0.5293,0.3959,,
ABNM006,7073462.0,4246413.0,255755.0,596328.0,0.0,0.0,0.0,0.0,7699.0,0.0,0.0,0.0,0.0,1660372.0,258426.0,48469.0,60.03302201948636,7073462.0,6477134.0,91.57,596328.0,8.43,ABNM006_val_2.fq.gz,Conventional base calls,Sanger / Illumina 1.9,7073462.0,0.0,20-51,38.0,15.533468582990634,50.49924492419695,pass,pass,pass,pass,fail,warn,pass,warn,fail,fail,pass,7080238,2361041,,361092138,167995,357593722,0.9688430269838776,0.0635,0.4975,0.439,,
ABNM007,7906731.0,3107209.0,309342.0,483935.0,0.0,0.0,0.0,0.0,17532.0,0.0,0.0,0.0,0.0,3578127.0,370213.0,40373.0,39.29827636731286,7906731.0,7422796.0,93.88,483935.0,6.12,ABNM007_val_2.fq.gz,Conventional base calls,Sanger / Illumina 1.9,7906731.0,0.0,20-51,39.0,5.942357315766678,50.49762335407642,pass,pass,pass,pass,fail,fail,pass,warn,fail,fail,pass,7927364,2761780,,404295564,947889,399641187,1.1512312808853868,0.0868,0.4379,0.4753,,
ABNM008,5781785.0,2182145.0,212381.0,1828717.0,0.0,0.0,0.0,0.0,6017.0,0.0,0.0,0.0,0.0,1320419.0,202382.0,29724.0,37.74171817181026,5781785.0,3953068.0,68.37,1828717.0,31.63,ABNM008_val_1.fq.gz,Conventional base calls,Sanger / Illumina 1.9,5781785.0,0.0,20-51,42.0,11.474355708160148,50.540766389618426,pass,pass,pass,pass,fail,fail,pass,warn,fail,fail,pass,5791021,1788602,,295342071,137483,292521888,0.9548869859451892,0.0754,0.4437,0.4809,,
ABNM009,5968311.0,2531622.0,169997.0,196646.0,0.0,0.0,0.0,0.0,6435.0,0.0,0.0,0.0,0.0,2750229.0,277171.0,36211.0,42.41772923696503,5968311.0,5771665.0,96.71,196646.0,3.29,ABNM009_val_1.fq.gz,Conventional base calls,Sanger / Illumina 1.9,5968311.0,0.0,20-51,38.0,8.783173123483223,50.48349977070565,pass,pass,pass,pass,fail,fail,pass,warn,fail,fail,pass,5986627,2142314,,305317977,794667,301681695,1.1909819512527426,0.0779,0.4113,0.5108,,
ABNM010,7043612.0,4543220.0,196004.0,316120.0,0.0,0.0,0.0,0.0,11557.0,0.0,0.0,0.0,0.0,1494750.0,395911.0,86050.0,64.50128144480415,7043612.0,6727492.0,95.51,316120.0,4.49,ABNM010_val_2.fq.gz,Conventional base calls,Sanger / Illumina 1.9,7043612.0,0.0,20-51,38.0,6.784991007551924,50.43412002251118,pass,pass,pass,pass,fail,warn,pass,warn,fail,fail,pass,7068425,2460449,,360489675,158498,356206253,1.188223213327816,0.0653,0.5033,0.4315,,
ABNM011,7270177.0,5646328.0,124492.0,167366.0,0.0,0.0,0.0,0.0,19028.0,0.0,0.0,0.0,0.0,1003433.0,229412.0,80118.0,77.66424393793989,7270177.0,7102811.0,97.7,167366.0,2.3,ABNM011_val_2.fq.gz,Conventional base calls,Sanger / Illumina 1.9,7270177.0,0.0,20-51,38.0,17.88778830430184,50.489930300183886,pass,pass,pass,pass,fail,warn,pass,warn,fail,fail,pass,7276475,2658861,,371100225,491636,367148201,1.064947885709312,0.0648,0.5323,0.4028,,
ABNM012,4050152.0,3149080.0,82692.0,84202.0,0.0,0.0,0.0,0.0,10416.0,0.0,0.0,0.0,0.0,551089.0,128901.0,43772.0,77.75214362325168,4050152.0,3965950.0,97.92,84202.0,2.08,ABNM012_val_1.fq.gz,Conventional base calls,Sanger / Illumina 1.9,4050152.0,0.0,20-51,40.0,24.891505492976044,50.511443027323416,pass,pass,pass,pass,fail,pass,pass,warn,fail,warn,pass,4053243,1443851,,206715393,86299,204725688,0.96253354485314,0.064,0.5038,0.4322,,
ABNM013,6029836.0,4997794.0,30213.0,145592.0,0.0,0.0,0.0,0.0,16816.0,0.0,0.0,0.0,0.0,574505.0,187879.0,77037.0,82.88441012326041,6029836.0,5884244.0,97.59,145592.0,2.41,ABNM013_val_1.fq.gz,Conventional base calls,Sanger / Illumina 1.9,6029836.0,0.0,20-51,40.0,18.99937669578125,50.51908012091872,pass,pass,pass,pass,fail,pass,pass,warn,fail,warn,pass,6035496,2148804,,307810296,122389,304893066,0.9477363291317584,0.0485,0.6093,0.3422,,
ABNM014,6557350.0,5343807.0,78221.0,147332.0,0.0,0.0,0.0,0.0,18872.0,0.0,0.0,0.0,0.0,649578.0,217463.0,102077.0,81.49339291024576,6557350.0,6410018.0,97.75,147332.0,2.25,ABNM014_val_2.fq.gz,Conventional base calls,Sanger / Illumina 1.9,6557350.0,0.0,20-51,39.0,18.951200090462343,50.48680579807392,pass,pass,pass,pass,fail,warn,pass,warn,fail,fail,pass,6563342,2405094,,334730442,474386,331133327,1.0746303737740113,0.0403,0.653,0.3067,,
ABNM015,5690776.0,4620401.0,3974.0,224922.0,0.0,0.0,0.0,0.0,22227.0,0.0,0.0,0.0,0.0,488896.0,223741.0,106615.0,81.1910537332694,5690776.0,5465854.0,96.05,224922.0,3.95,ABNM015_val_2.fq.gz,Conventional base calls,Sanger / Illumina 1.9,5690776.0,0.0,20-51,37.0,23.49061165133867,50.62122793095353,pass,pass,pass,pass,fail,pass,pass,warn,fail,warn,pass,5695653,1615274,,290478303,113060,288140251,0.8048972938264515,0.0557,0.585,0.3594,,
ABNM016,5999550.0,4782594.0,9790.0,210538.0,0.0,0.0,0.0,0.0,24868.0,0.0,0.0,0.0,0.0,662742.0,205411.0,103607.0,79.71587869090182,5999550.0,5789012.0,96.49,210538.0,3.51,ABNM016_val_2.fq.gz,Conventional base calls,Sanger / Illumina 1.9,5999550.0,0.0,20-51,40.0,23.32094853259761,50.47987832420765,pass,pass,pass,pass,fail,warn,pass,warn,fail,warn,pass,6004732,2169862,,306241332,132351,303305473,0.9586749707580297,0.0423,0.5941,0.3636,,
ABNM017,6980801.0,5615850.0,7692.0,246491.0,0.0,0.0,0.0,0.0,37598.0,0.0,0.0,0.0,0.0,711263.0,238991.0,122916.0,80.44707190478572,6980801.0,6734310.0,96.47,246491.0,3.53,ABNM017_val_1.fq.gz,Conventional base calls,Sanger / Illumina 1.9,6980801.0,0.0,20-51,40.0,19.33541333757943,50.51328536653602,pass,pass,pass,pass,fail,pass,pass,warn,fail,warn,pass,6985869,2524037,,356279319,132909,352874843,0.9555637440746316,0.0409999999999999,0.6114,0.3476,,
ABNM018,6442207.0,5178779.0,7526.0,244685.0,0.0,0.0,0.0,0.0,29637.0,0.0,0.0,0.0,0.0,635516.0,248929.0,97135.0,80.38827377015363,6442207.0,6197522.0,96.2,244685.0,3.8,ABNM018_val_1.fq.gz,Conventional base calls,Sanger / Illumina 1.9,6442207.0,0.0,20-51,40.0,20.45819811393091,50.51257387413972,pass,pass,pass,pass,fail,pass,pass,warn,fail,warn,pass,6446452,2327464,,328769052,127991,325623153,0.9568719990104178,0.0522,0.5947,0.3531,,
ABNM019,6211097.0,4167304.0,54531.0,187525.0,0.0,0.0,0.0,0.0,11842.0,0.0,0.0,0.0,0.0,1566872.0,184109.0,38914.0,67.09449232559079,6211097.0,6023572.0,96.98,187525.0,3.02,ABNM019_val_1.fq.gz,Conventional base calls,Sanger / Illumina 1.9,6211097.0,0.0,20-51,38.0,19.197128389509533,50.508564268115606,pass,pass,pass,pass,fail,fail,pass,warn,fail,fail,pass,6217406,2168771,,317087706,166114,313984306,0.9787197489138856,0.0446,0.5729,0.3825,,
ABNM020,6211495.0,4048462.0,60917.0,211143.0,0.0,0.0,0.0,0.0,13251.0,0.0,0.0,0.0,0.0,1600473.0,223969.0,53280.0,65.17693405532806,6211495.0,6000352.0,96.6,211143.0,3.4,ABNM020_val_2.fq.gz,Conventional base calls,Sanger / Illumina 1.9,6211495.0,0.0,20-51,38.0,20.29280918989992,50.44720103614348,pass,pass,pass,pass,fail,warn,pass,warn,fail,fail,pass,6217351,2350827,,317084901,498496,313426211,1.153851851179757,0.0557,0.6261,0.3183,,
ABNM021,7224993.0,4917157.0,16928.0,211603.0,0.0,0.0,0.0,0.0,11682.0,0.0,0.0,0.0,0.0,1726941.0,255570.0,85112.0,68.0576022703413,7224993.0,7013390.0,97.07,211603.0,2.93,ABNM021_val_2.fq.gz,Conventional base calls,Sanger / Illumina 1.9,7224993.0,0.0,20-51,39.0,20.61982474143144,50.50495536812286,pass,pass,pass,pass,fail,fail,pass,warn,fail,fail,pass,7229492,2588561,,368704092,381000,364949230,1.0183944473282385,0.0614,0.6549,0.2837,,
ABNM022,6523991.0,3603131.0,80793.0,211967.0,0.0,0.0,0.0,0.0,14129.0,0.0,0.0,0.0,0.0,2347387.0,215071.0,51513.0,55.22893885046744,6523991.0,6312024.0,96.75,211967.0,3.25,ABNM022_val_1.fq.gz,Conventional base calls,Sanger / Illumina 1.9,6523991.0,0.0,20-51,38.0,18.90668882114036,50.50779423208892,pass,pass,pass,pass,fail,fail,pass,warn,fail,fail,pass,6529705,2500119,,333014955,456008,329121120,1.1692673081303508,0.0556,0.6859,0.2585,,
ABNM023,7507587.0,4803859.0,18114.0,253852.0,0.0,0.0,0.0,0.0,10391.0,0.0,0.0,0.0,0.0,1962630.0,363989.0,94752.0,63.98672436296775,7507587.0,7253735.0,96.62,253852.0,3.38,ABNM023_val_1.fq.gz,Conventional base calls,Sanger / Illumina 1.9,7507587.0,0.0,20-51,39.0,19.069673950709355,50.52814825855497,pass,pass,pass,pass,fail,pass,pass,warn,fail,fail,pass,7512541,2740800,,383139591,414813,379106053,1.052759384503284,0.0702,0.6683,0.2614,,
ABNM024,4929195.0,2314322.0,32800.0,129062.0,0.0,0.0,0.0,0.0,6414.0,0.0,0.0,0.0,0.0,2229222.0,178614.0,38761.0,46.951317608656176,4929195.0,4800133.0,97.38,129062.0,2.62,ABNM024_val_1.fq.gz,Conventional base calls,Sanger / Illumina 1.9,4929195.0,0.0,20-51,38.0,18.396921131250085,50.53779775399431,pass,pass,pass,pass,fail,fail,pass,warn,fail,fail,pass,4935259,1844346,,251698209,410212,248711889,1.186468513965469,0.0742,0.6207,0.3051,,
ABNM025,5275230.0,3273791.0,254673.0,159596.0,0.0,0.0,0.0,0.0,7475.0,0.0,0.0,0.0,0.0,1326948.0,205364.0,47383.0,62.05968270577775,5275230.0,5115634.0,96.97,159596.0,3.03,ABNM025_val_2.fq.gz,Conventional base calls,Sanger / Illumina 1.9,5275230.0,0.0,20-51,39.0,21.89470699073841,50.49467511369173,pass,pass,pass,pass,fail,warn,pass,warn,fail,fail,pass,5279729,1810976,,269266179,115832,266779074,0.9236603754829528,0.0929,0.6077,0.2993,,
ABNM026,6268112.0,3921653.0,124670.0,197773.0,0.0,0.0,0.0,0.0,8844.0,0.0,0.0,0.0,0.0,1729338.0,231361.0,54473.0,62.565139231717616,6268112.0,6070339.0,96.84,197773.0,3.16,ABNM026_val_1.fq.gz,Conventional base calls,Sanger / Illumina 1.9,6268112.0,0.0,20-51,38.0,19.770489199249955,50.526440657091,pass,pass,pass,pass,fail,fail,pass,warn,fail,fail,pass,6272900,2242552,,319917900,384809,316592938,1.0393172748383257,0.0886,0.6433,0.2681,,
ABNM027,5867468.0,4804425.0,27766.0,261692.0,0.0,0.0,0.0,0.0,38930.0,0.0,0.0,0.0,0.0,449515.0,184122.0,101018.0,81.88242355987285,5867468.0,5605776.0,95.54,261692.0,4.46,ABNM027_val_1.fq.gz,Conventional base calls,Sanger / Illumina 1.9,5867468.0,0.0,20-51,40.0,20.84345392679264,50.5139889983209,pass,pass,pass,pass,fail,pass,pass,warn,fail,warn,pass,5869976,2123591,,299368776,109256,296513350,0.9538155709331556,0.0473,0.588,0.3647,,
ABNM028,6268206.0,5066831.0,25934.0,236049.0,0.0,0.0,0.0,0.0,24840.0,0.0,0.0,0.0,0.0,572677.0,236154.0,105721.0,80.83383028573088,6268206.0,6032157.0,96.23,236049.0,3.77,ABNM028_val_1.fq.gz,Conventional base calls,Sanger / Illumina 1.9,6268206.0,0.0,20-51,40.0,21.17430101563456,50.51142017349142,pass,pass,pass,pass,fail,pass,pass,warn,fail,warn,pass,6272051,2262645,,319874601,123955,316807189,0.9589420324122576,0.0476,0.6577,0.2947,,
ABNM029,4596097.0,3723784.0,30721.0,190161.0,0.0,0.0,0.0,0.0,15725.0,0.0,0.0,0.0,0.0,443617.0,134906.0,57183.0,81.02057027952195,4596097.0,4405936.0,95.86,190161.0,4.14,ABNM029_val_2.fq.gz,Conventional base calls,Sanger / Illumina 1.9,4596097.0,0.0,20-51,39.0,24.69542386982693,50.48146264101911,pass,pass,pass,pass,fail,pass,pass,warn,fail,warn,pass,4598972,1722988,,234547572,268778,232050375,1.0646867834555969,0.0505,0.5702,0.3792,,
ABNM030,6942172.0,5264588.0,61999.0,251523.0,0.0,0.0,0.0,0.0,26687.0,0.0,0.0,0.0,0.0,978691.0,241729.0,116955.0,75.83488280036853,6942172.0,6690649.0,96.38,251523.0,3.62,ABNM030_val_2.fq.gz,Conventional base calls,Sanger / Illumina 1.9,6942172.0,0.0,20-51,39.0,19.70424685782261,50.49795510684552,pass,pass,pass,pass,fail,warn,pass,warn,fail,fail,pass,6945866,2478929,,354239166,144355,350842070,0.9589837392514636,0.04,0.6634,0.2967,,
ABNM031,6046375.0,4748894.0,73840.0,179035.0,0.0,0.0,0.0,0.0,18710.0,0.0,0.0,0.0,0.0,749635.0,194695.0,81566.0,78.54117549771556,6046375.0,5867340.0,97.04,179035.0,2.96,ABNM031_val_2.fq.gz,Conventional base calls,Sanger / Illumina 1.9,6046375.0,0.0,20-51,39.0,21.35530618536856,50.49299158586757,pass,pass,pass,pass,fail,warn,pass,warn,fail,fail,pass,6049542,2225039,,308526642,300133,305335793,1.0342215438237583,0.0413,0.6625,0.2963,,
ABNM032,6011280.0,4833052.0,65882.0,185174.0,0.0,0.0,0.0,0.0,16120.0,0.0,0.0,0.0,0.0,608170.0,209057.0,93825.0,80.39971520208674,6011280.0,5826106.0,96.92,185174.0,3.08,ABNM032_val_2.fq.gz,Conventional base calls,Sanger / Illumina 1.9,6011280.0,0.0,20-51,39.0,21.10010198242564,50.49231894039207,pass,pass,pass,pass,fail,pass,pass,warn,fail,fail,pass,6016302,2151468,,306831402,125381,303896636,0.9564751133262428,0.0394,0.6747,0.2859,,
ABNM033,5728183.0,4444984.0,148276.0,196447.0,0.0,0.0,0.0,0.0,16887.0,0.0,0.0,0.0,0.0,660825.0,180664.0,80100.0,77.59849851165718,5728183.0,5531736.0,96.57,196447.0,3.43,ABNM033_val_1.fq.gz,Conventional base calls,Sanger / Illumina 1.9,5728183.0,0.0,20-51,40.0,21.218391714658686,50.51385840850406,pass,pass,pass,pass,fail,pass,pass,warn,fail,warn,pass,5731215,2054763,,292291965,112710,289502934,0.9541935235886488,0.0401,0.6599,0.2999,,
ABNM034,4818628.0,3827325.0,126040.0,194865.0,0.0,0.0,0.0,0.0,13597.0,0.0,0.0,0.0,0.0,443165.0,145662.0,67974.0,79.42769186581741,4818628.0,4623763.0,95.96,194865.0,4.04,ABNM034_val_2.fq.gz,Conventional base calls,Sanger / Illumina 1.9,4818628.0,0.0,20-51,39.0,23.99309469864484,50.484031969265935,pass,pass,pass,pass,fail,warn,pass,warn,fail,fail,pass,4822101,1785018,,245927151,306544,243303097,1.067004594380878,0.044,0.6016,0.3544,,
ABNM035,8729982.0,3717685.0,187427.0,3609183.0,0.0,0.0,0.0,0.0,54990.0,0.0,0.0,0.0,0.0,869566.0,205332.0,85799.0,42.5852539,8729982.0,5120799.0,58.66,3609183.0,41.34,ABNM035_val_2.fq.gz,Conventional base calls,Sanger / Illumina 1.9,8729982.0,0.0,20-51,43.0,13.09429208,50.48067144,pass,pass,pass,pass,fail,fail,pass,warn,fail,fail,pass,8755953,3019050,8755953.0,446553603,1622618,440996064,1.244540177,0.0773,0.6377,0.285,,
ABNM036,9476986.0,1185349.0,291670.0,7777405.0,0.0,0.0,0.0,0.0,14436.0,0.0,0.0,0.0,0.0,122484.0,67370.0,18272.0,12.50765803,9476986.0,1699581.0,17.93,7777405.0,82.07,ABNM036_val_2.fq.gz,Conventional base calls,Sanger / Illumina 1.9,9476986.0,0.0,20-51,49.0,6.330290072,50.54515592,pass,pass,pass,pass,fail,warn,pass,warn,fail,fail,pass,9494101,2948495,9494101.0,484199151,1120386,479217425,1.028858888,0.0601,0.6414,0.2985,,
ABNM037,9177967.0,2138710.0,243684.0,6366659.0,0.0,0.0,0.0,0.0,19385.0,0.0,0.0,0.0,0.0,271013.0,106179.0,32337.0,23.30265515,9177967.0,2811308.0,30.63,6366659.0,69.37,ABNM037_val_2.fq.gz,Conventional base calls,Sanger / Illumina 1.9,9177967.0,0.0,20-51,47.0,9.972952602,50.51195227,pass,pass,pass,pass,fail,fail,pass,warn,fail,fail,pass,9200295,2969833,9200295.0,469215045,1489581,463855186,1.142303312,0.0701,0.6111,0.3188,,
ABNM038,8461585.0,690622.0,276379.0,7369096.0,0.0,0.0,0.0,0.0,11206.0,0.0,0.0,0.0,0.0,68342.0,32760.0,13180.0,8.161851473,8461585.0,1092489.0,12.91,7369096.0,87.09,ABNM038_val_1.fq.gz,Conventional base calls,Sanger / Illumina 1.9,8461585.0,0.0,20-51,51.0,5.775857866,50.60019594,pass,pass,pass,pass,fail,warn,pass,warn,fail,fail,pass,8477830,2188260,8477830.0,432369330,227104,428970433,0.786109644,0.0526,0.6637,0.2837,,
ABNM039,7237590.0,371687.0,298990.0,6472323.0,0.0,0.0,0.0,0.0,18302.0,0.0,0.0,0.0,0.0,58943.0,13742.0,3603.0,5.135507814,7237590.0,765267.0,10.57,6472323.0,89.43,ABNM039_val_1.fq.gz,Conventional base calls,Sanger / Illumina 1.9,7237590.0,0.0,20-51,52.0,5.651575758,50.59505913,pass,pass,pass,pass,fail,fail,pass,warn,fail,fail,pass,7250611,1804924,7250611.0,369781161,191774,366840066,0.795360962,0.0521,0.6076,0.3403,,
ABNM040,11843924.0,1360747.0,707268.0,9278595.0,0.0,0.0,0.0,0.0,70464.0,0.0,0.0,0.0,0.0,352304.0,57590.0,16956.0,11.48898794,11843924.0,2565329.0,21.66,9278595.0,78.34,ABNM040_val_1.fq.gz,Conventional base calls,Sanger / Illumina 1.9,11843924.0,0.0,20-51,50.0,5.718332434,50.59344074,pass,pass,pass,pass,fail,warn,pass,warn,fail,fail,pass,11868808,3580740,11868808.0,605309208,1595898,598773958,1.079654813,0.059,0.6008,0.3402,,
ABNM041,10203025.0,2778828.0,519831.0,6137077.0,0.0,0.0,0.0,0.0,72707.0,0.0,0.0,0.0,0.0,544985.0,114739.0,34858.0,27.23533462,10203025.0,4065948.0,39.85,6137077.0,60.15,ABNM041_val_2.fq.gz,Conventional base calls,Sanger / Illumina 1.9,10203025.0,0.0,20-51,47.0,9.187887814,50.51016125,pass,pass,pass,pass,fail,fail,pass,warn,fail,fail,pass,10227912,3294582,10227912.0,521623512,1536930,515654243,1.144363485,0.0545,0.6218,0.3237,,
ABNM042,8771532.0,5525744.0,325588.0,1560625.0,0.0,0.0,0.0,0.0,69622.0,0.0,0.0,0.0,0.0,925217.0,299202.0,65534.0,62.99633861,8771532.0,7210907.0,82.21,1560625.0,17.79,ABNM042_val_2.fq.gz,Conventional base calls,Sanger / Illumina 1.9,8771532.0,0.0,20-51,39.0,14.27744659,50.46594631,pass,pass,pass,pass,fail,warn,pass,warn,fail,fail,pass,8786784,2857710,8786784.0,448125984,256533,444106165,0.897028769,0.0563,0.6214,0.3223,,
ABNM043,11941896.0,1958374.0,425463.0,9034257.0,0.0,0.0,0.0,0.0,40369.0,0.0,0.0,0.0,0.0,372555.0,92263.0,18615.0,16.3991882,11941896.0,2907639.0,24.35,9034257.0,75.65,ABNM043_val_2.fq.gz,Conventional base calls,Sanger / Illumina 1.9,11941896.0,0.0,20-51,48.0,6.989152657,50.52689062,pass,pass,pass,pass,fail,warn,pass,warn,fail,fail,pass,11968768,3135181,11968768.0,610407168,313929,605590886,0.789027759,0.082,0.5268,0.3912,,
ABNM044,10084415.0,3198933.0,461409.0,5403661.0,0.0,0.0,0.0,0.0,86437.0,0.0,0.0,0.0,0.0,740631.0,159604.0,33740.0,31.72155251,10084415.0,4680754.0,46.42,5403661.0,53.58,ABNM044_val_1.fq.gz,Conventional base calls,Sanger / Illumina 1.9,10084415.0,0.0,20-51,46.0,8.713990323,50.55365591,pass,pass,pass,pass,fail,fail,pass,warn,fail,fail,pass,10111594,3329110,10111594.0,515691294,1731351,509326331,1.234258378,0.1028,0.5454,0.3518,,
ABNM045,8404836.0,3161691.0,378322.0,4017703.0,0.0,0.0,0.0,0.0,61252.0,0.0,0.0,0.0,0.0,602453.0,151073.0,32342.0,37.61752163,8404836.0,4387133.0,52.2,4017703.0,47.8,ABNM045_val_1.fq.gz,Conventional base calls,Sanger / Illumina 1.9,8404836.0,0.0,20-51,46.0,8.99022809,50.57694332,pass,pass,pass,pass,fail,fail,pass,warn,fail,fail,pass,8424141,2863732,8424141.0,429631191,1245569,424566017,1.178958629,0.104,0.6238,0.2723,,
ABNM046,9198132.0,3564796.0,365495.0,4097254.0,0.0,0.0,0.0,0.0,68751.0,0.0,0.0,0.0,0.0,891709.0,174730.0,35397.0,38.75565169,9198132.0,5100878.0,55.46,4097254.0,44.54,ABNM046_val_2.fq.gz,Conventional base calls,Sanger / Illumina 1.9,9198132.0,0.0,20-51,44.0,11.06514196,50.48975488,pass,pass,pass,pass,fail,fail,pass,warn,fail,fail,pass,9218663,2668383,9218663.0,470151813,275775,466204963,0.83948416,0.1148,0.5852,0.3,,
ABNM047,8669937.0,6144179.0,211070.0,240973.0,0.0,0.0,0.0,0.0,96493.0,0.0,0.0,0.0,0.0,1570788.0,329448.0,76986.0,70.86763145,8669937.0,8428964.0,97.22,240973.0,2.78,ABNM047_val_1.fq.gz,Conventional base calls,Sanger / Illumina 1.9,8669937.0,0.0,20-51,39.0,18.12363235,50.49097935,pass,pass,pass,pass,fail,fail,pass,warn,fail,fail,pass,8674039,3235900,8674039.0,442375989,494972,437583926,1.083255674,0.1016,0.6004,0.298,,
ABNM048,10302414.0,7373816.0,196449.0,271024.0,0.0,0.0,0.0,0.0,81660.0,0.0,0.0,0.0,0.0,1888282.0,391941.0,99242.0,71.57367196,10302414.0,10031390.0,97.37,271024.0,2.63,ABNM048_val_2.fq.gz,Conventional base calls,Sanger / Illumina 1.9,10302414.0,0.0,20-51,37.0,17.58211848,50.47107862,pass,pass,pass,pass,fail,pass,pass,warn,fail,fail,pass,10308470,3691109,10308470.0,525731970,298630,520568082,0.982228264,0.0947,0.6039,0.3014,,
